#
# There is insufficient memory for the Java Runtime Environment to continue.
# Native memory allocation (mmap) failed to map 2814377984 bytes. Error detail: G1 virtual space
# Possible reasons:
#   The system is out of physical RAM or swap space
#   This process is running with CompressedOops enabled, and the Java Heap may be blocking the growth of the native heap
# Possible solutions:
#   Reduce memory load on the system
#   Increase physical memory or swap space
#   Check if swap backing store is full
#   Decrease Java heap size (-Xmx/-Xms)
#   Decrease number of Java threads
#   Decrease Java thread stack sizes (-Xss)
#   Set larger code cache with -XX:ReservedCodeCacheSize=
#   JVM is running with Zero Based Compressed Oops mode in which the Java heap is
#     placed in the first 32GB address space. The Java Heap base address is the
#     maximum limit for the native heap growth. Please use -XX:HeapBaseMinAddress
#     to set the Java Heap base and to place the Java Heap above 32GB virtual address.
# This output file may be truncated or incomplete.
#
#  Out of Memory Error (os_windows.cpp:3618), pid=5032, tid=9128
#
# JRE version: OpenJDK Runtime Environment Temurin-17.0.19+10 (17.0.19+10) (build 17.0.19+10)
# Java VM: OpenJDK 64-Bit Server VM Temurin-17.0.19+10 (17.0.19+10, mixed mode, sharing, tiered, compressed oops, compressed class ptrs, g1 gc, windows-amd64)
# No core dump will be written. Minidumps are not enabled by default on client versions of Windows
#

---------------  S U M M A R Y ------------

Command Line: --add-opens=java.base/java.lang=ALL-UNNAMED --add-opens=java.base/java.lang.invoke=ALL-UNNAMED --add-opens=java.base/java.util=ALL-UNNAMED --add-opens=java.prefs/java.util.prefs=ALL-UNNAMED --add-exports=jdk.compiler/com.sun.tools.javac.api=ALL-UNNAMED --add-exports=jdk.compiler/com.sun.tools.javac.util=ALL-UNNAMED --add-opens=java.base/java.util=ALL-UNNAMED --add-opens=java.prefs/java.util.prefs=ALL-UNNAMED --add-opens=java.base/java.nio.charset=ALL-UNNAMED --add-opens=java.base/java.net=ALL-UNNAMED --add-opens=java.base/java.util.concurrent=ALL-UNNAMED --add-opens=java.base/java.util.concurrent.atomic=ALL-UNNAMED --add-opens=java.xml/javax.xml.namespace=ALL-UNNAMED --add-opens=java.base/java.time=ALL-UNNAMED -XX:MaxMetaspaceSize=4G -XX:ReservedCodeCacheSize=512m -XX:+HeapDumpOnOutOfMemoryError -Xmx8G -Dfile.encoding=windows-1251 -Duser.country=RU -Duser.language=ru -Duser.variant -javaagent:C:\Users\user\.gradle\wrapper\dists\gradle-9.1.0-bin\9agqghryom9wkf8r80qlhnts3\gradle-9.1.0\lib\agents\gradle-instrumentation-agent-9.1.0.jar org.gradle.launcher.daemon.bootstrap.GradleDaemon 9.1.0

Host: Intel(R) Pentium(R) CPU  J2900  @ 2.41GHz, 4 cores, 3G,  Windows 10 , 64 bit Build 17763 (10.0.17763.8755)
Time: Tue Jul 14 23:41:36 2026 Финляндия (лето) elapsed time: 385.257767 seconds (0d 0h 6m 25s)

---------------  T H R E A D  ---------------

Current thread (0x0000022f3dd173f0):  VMThread "VM Thread" [stack: 0x00000085b8100000,0x00000085b8200000] [id=9128]

Stack: [0x00000085b8100000,0x00000085b8200000]
Native frames: (J=compiled Java code, j=interpreted, Vv=VM code, C=native code)
V  [jvm.dll+0x684b29]
V  [jvm.dll+0x83a2d5]
V  [jvm.dll+0x83bd4e]
V  [jvm.dll+0x83c3d3]
V  [jvm.dll+0x24905f]
V  [jvm.dll+0x6818e9]
V  [jvm.dll+0x6766ea]
V  [jvm.dll+0x3093b7]
V  [jvm.dll+0x3109a6]
V  [jvm.dll+0x360f1e]
V  [jvm.dll+0x36115d]
V  [jvm.dll+0x2e043c]
V  [jvm.dll+0x2de812]
V  [jvm.dll+0x2ddfac]
V  [jvm.dll+0x320c6b]
V  [jvm.dll+0x840bed]
V  [jvm.dll+0x841923]
V  [jvm.dll+0x841e4f]
V  [jvm.dll+0x842235]
V  [jvm.dll+0x8422fe]
V  [jvm.dll+0x7eaf1c]
V  [jvm.dll+0x6839f7]
C  [ucrtbase.dll+0x2268a]
C  [KERNEL32.DLL+0x17ac4]
C  [ntdll.dll+0x5a8c1]

VM_Operation (0x00000085baffaad0): G1CollectForAllocation, mode: safepoint, requested by thread 0x0000022f866e6df0


---------------  P R O C E S S  ---------------

Threads class SMR info:
_java_thread_list=0x0000022f9284ecd0, length=87, elements={
0x0000022f02ebeab0, 0x0000022f3dd1a990, 0x0000022f3dd1b720, 0x0000022f3dd32150,
0x0000022f3dd34a30, 0x0000022f3dd37b30, 0x0000022f3dd43ea0, 0x0000022f3dd450d0,
0x0000022f3dd469f0, 0x0000022f3dd4c720, 0x0000022f3dd06540, 0x0000022f4043e050,
0x0000022f873d05d0, 0x0000022f873d0ff0, 0x0000022f873d0ae0, 0x0000022f873d1a10,
0x0000022f873d1f20, 0x0000022f873d2430, 0x0000022f873d3360, 0x0000022f873d2940,
0x0000022f873d2e50, 0x0000022f873d3870, 0x0000022f40a65810, 0x0000022f40a634a0,
0x0000022f40a648e0, 0x0000022f40a68fc0, 0x0000022f40a63ec0, 0x0000022f40a67670,
0x0000022f40a62570, 0x0000022f40a62060, 0x0000022f40a65d20, 0x0000022f40a62a80,
0x0000022f40a694d0, 0x0000022f40a685a0, 0x0000022f40a699e0, 0x0000022f866e17e0,
0x0000022f866e3130, 0x0000022f866e1cf0, 0x0000022f866e68e0, 0x0000022f866e3640,
0x0000022f866e0dc0, 0x0000022f866e6df0, 0x0000022f866e3b50, 0x0000022f866e5ec0,
0x0000022f866e4a80, 0x0000022f866e4570, 0x0000022f866e4060, 0x0000022f866e7d20,
0x0000022f866e2200, 0x0000022f866e2710, 0x0000022f866e54a0, 0x0000022f873d00c0,
0x0000022f40a64df0, 0x0000022f8b619cf0, 0x0000022f8b61a200, 0x0000022f8b616f60,
0x0000022f8b618dc0, 0x0000022f8b617980, 0x0000022f8b617e90, 0x0000022f8b6137b0,
0x0000022f8b6132a0, 0x0000022f8b615610, 0x0000022f8b61a710, 0x0000022f8b6188b0,
0x0000022f8b617470, 0x0000022f8b613cc0, 0x0000022f8b615b20, 0x0000022f8b616540,
0x0000022f8b6141d0, 0x0000022f8b61ac20, 0x0000022f8b6183a0, 0x0000022f40a66740,
0x0000022f8c5e7980, 0x0000022f8c5e7e90, 0x0000022f8c5e83a0, 0x0000022f8c5e88b0,
0x0000022f8c5e97e0, 0x0000022f8c5e8dc0, 0x0000022f8c5e6030, 0x0000022f8c5e6f60,
0x0000022f9151d290, 0x0000022f915195d0, 0x0000022f9151f600, 0x0000022f9151e1c0,
0x0000022f9151b940, 0x0000022f9151c360, 0x0000022f91519ae0
}

Java Threads: ( => current thread )
  0x0000022f02ebeab0 JavaThread "main" [_thread_blocked, id=13084, stack(0x00000085b7b00000,0x00000085b7c00000)]
  0x0000022f3dd1a990 JavaThread "Reference Handler" daemon [_thread_blocked, id=13764, stack(0x00000085b8200000,0x00000085b8300000)]
  0x0000022f3dd1b720 JavaThread "Finalizer" daemon [_thread_blocked, id=8404, stack(0x00000085b8300000,0x00000085b8400000)]
  0x0000022f3dd32150 JavaThread "Signal Dispatcher" daemon [_thread_blocked, id=9952, stack(0x00000085b8400000,0x00000085b8500000)]
  0x0000022f3dd34a30 JavaThread "Attach Listener" daemon [_thread_blocked, id=2716, stack(0x00000085b8500000,0x00000085b8600000)]
  0x0000022f3dd37b30 JavaThread "Service Thread" daemon [_thread_blocked, id=13616, stack(0x00000085b8600000,0x00000085b8700000)]
  0x0000022f3dd43ea0 JavaThread "Monitor Deflation Thread" daemon [_thread_blocked, id=9988, stack(0x00000085b8700000,0x00000085b8800000)]
  0x0000022f3dd450d0 JavaThread "C2 CompilerThread0" daemon [_thread_blocked, id=2240, stack(0x00000085b8800000,0x00000085b8900000)]
  0x0000022f3dd469f0 JavaThread "C1 CompilerThread0" daemon [_thread_blocked, id=14284, stack(0x00000085b8900000,0x00000085b8a00000)]
  0x0000022f3dd4c720 JavaThread "Sweeper thread" daemon [_thread_blocked, id=12252, stack(0x00000085b8a00000,0x00000085b8b00000)]
  0x0000022f3dd06540 JavaThread "Common-Cleaner" daemon [_thread_blocked, id=14024, stack(0x00000085b8b00000,0x00000085b8c00000)]
  0x0000022f4043e050 JavaThread "Notification Thread" daemon [_thread_blocked, id=5080, stack(0x00000085b8c00000,0x00000085b8d00000)]
  0x0000022f873d05d0 JavaThread "Daemon health stats" [_thread_blocked, id=216, stack(0x00000085b9200000,0x00000085b9300000)]
  0x0000022f873d0ff0 JavaThread "Incoming local TCP Connector on port 60885" [_thread_in_native, id=13440, stack(0x00000085b9000000,0x00000085b9100000)]
  0x0000022f873d0ae0 JavaThread "Daemon periodic checks" [_thread_blocked, id=11096, stack(0x00000085b9300000,0x00000085b9400000)]
  0x0000022f873d1a10 JavaThread "Daemon" [_thread_blocked, id=8980, stack(0x00000085b9400000,0x00000085b9500000)]
  0x0000022f873d1f20 JavaThread "Handler for socket connection from /127.0.0.1:60885 to /127.0.0.1:60886" [_thread_in_native, id=13844, stack(0x00000085b9500000,0x00000085b9600000)]
  0x0000022f873d2430 JavaThread "Cancel handler" [_thread_blocked, id=4832, stack(0x00000085b9600000,0x00000085b9700000)]
  0x0000022f873d3360 JavaThread "Daemon worker" [_thread_blocked, id=11664, stack(0x00000085b9700000,0x00000085b9800000)]
  0x0000022f873d2940 JavaThread "Asynchronous log dispatcher for DefaultDaemonConnection: socket connection from /127.0.0.1:60885 to /127.0.0.1:60886" [_thread_blocked, id=11376, stack(0x00000085b9800000,0x00000085b9900000)]
  0x0000022f873d2e50 JavaThread "Stdin handler" [_thread_blocked, id=11412, stack(0x00000085b9900000,0x00000085b9a00000)]
  0x0000022f873d3870 JavaThread "Daemon client event forwarder" [_thread_blocked, id=12064, stack(0x00000085b9a00000,0x00000085b9b00000)]
  0x0000022f40a65810 JavaThread "Cache worker for journal cache (C:\Users\user\.gradle\caches\journal-1)" [_thread_blocked, id=6336, stack(0x00000085b9b00000,0x00000085b9c00000)]
  0x0000022f40a634a0 JavaThread "File lock request listener" [_thread_in_native, id=3800, stack(0x00000085b9c00000,0x00000085b9d00000)]
  0x0000022f40a648e0 JavaThread "Cache worker for file hash cache (C:\Users\user\.gradle\caches\9.1.0\fileHashes)" [_thread_blocked, id=13540, stack(0x00000085b9d00000,0x00000085b9e00000)]
  0x0000022f40a68fc0 JavaThread "Cache worker for file hash cache (C:\Users\user\Desktop\videovault-app\android\.gradle\9.1.0\fileHashes)" [_thread_blocked, id=9360, stack(0x00000085b9f00000,0x00000085ba000000)]
  0x0000022f40a63ec0 JavaThread "Cache worker for Build Output Cleanup Cache (C:\Users\user\Desktop\videovault-app\android\.gradle\buildOutputCleanup)" [_thread_blocked, id=13712, stack(0x00000085ba000000,0x00000085ba100000)]
  0x0000022f40a67670 JavaThread "File watcher server" daemon [_thread_in_native, id=8312, stack(0x00000085ba100000,0x00000085ba200000)]
  0x0000022f40a62570 JavaThread "File watcher consumer" daemon [_thread_blocked, id=13236, stack(0x00000085ba200000,0x00000085ba300000)]
  0x0000022f40a62060 JavaThread "Cache worker for checksums cache (C:\Users\user\Desktop\videovault-app\android\.gradle\9.1.0\checksums)" [_thread_blocked, id=13328, stack(0x00000085b9e00000,0x00000085b9f00000)]
  0x0000022f40a65d20 JavaThread "Cache worker for file content cache (C:\Users\user\.gradle\caches\9.1.0\fileContent)" [_thread_blocked, id=5444, stack(0x00000085ba300000,0x00000085ba400000)]
  0x0000022f40a62a80 JavaThread "Cache worker for cache directory md-supplier (C:\Users\user\.gradle\caches\9.1.0\md-supplier)" [_thread_blocked, id=12728, stack(0x00000085ba500000,0x00000085ba600000)]
  0x0000022f40a694d0 JavaThread "Cache worker for cache directory md-rule (C:\Users\user\.gradle\caches\9.1.0\md-rule)" [_thread_blocked, id=13576, stack(0x00000085ba600000,0x00000085ba700000)]
  0x0000022f40a685a0 JavaThread "jar transforms" [_thread_blocked, id=2524, stack(0x00000085ba700000,0x00000085ba800000)]
  0x0000022f40a699e0 JavaThread "jar transforms Thread 2" [_thread_blocked, id=5924, stack(0x00000085ba800000,0x00000085ba900000)]
  0x0000022f866e17e0 JavaThread "Cache worker for Build Output Cleanup Cache (C:\flutr\flutter\packages\flutter_tools\gradle\.gradle\buildOutputCleanup)" [_thread_blocked, id=10340, stack(0x00000085ba900000,0x00000085baa00000)]
  0x0000022f866e3130 JavaThread "Unconstrained build operations" [_thread_blocked, id=2576, stack(0x00000085baa00000,0x00000085bab00000)]
  0x0000022f866e1cf0 JavaThread "Unconstrained build operations Thread 2" [_thread_blocked, id=8000, stack(0x00000085bab00000,0x00000085bac00000)]
  0x0000022f866e68e0 JavaThread "Unconstrained build operations Thread 3" [_thread_blocked, id=11852, stack(0x00000085bac00000,0x00000085bad00000)]
  0x0000022f866e3640 JavaThread "Unconstrained build operations Thread 4" [_thread_blocked, id=10548, stack(0x00000085bad00000,0x00000085bae00000)]
  0x0000022f866e0dc0 JavaThread "Unconstrained build operations Thread 5" [_thread_blocked, id=13920, stack(0x00000085bae00000,0x00000085baf00000)]
  0x0000022f866e6df0 JavaThread "Unconstrained build operations Thread 6" [_thread_blocked, id=6692, stack(0x00000085baf00000,0x00000085bb000000)]
  0x0000022f866e3b50 JavaThread "Unconstrained build operations Thread 7" [_thread_blocked, id=7508, stack(0x00000085bb000000,0x00000085bb100000)]
  0x0000022f866e5ec0 JavaThread "Unconstrained build operations Thread 8" [_thread_blocked, id=7864, stack(0x00000085bb100000,0x00000085bb200000)]
  0x0000022f866e4a80 JavaThread "Unconstrained build operations Thread 9" [_thread_blocked, id=10416, stack(0x00000085bb200000,0x00000085bb300000)]
  0x0000022f866e4570 JavaThread "Memory manager" [_thread_blocked, id=4996, stack(0x00000085bb300000,0x00000085bb400000)]
  0x0000022f866e4060 JavaThread "build event listener" [_thread_blocked, id=4992, stack(0x00000085bb400000,0x00000085bb500000)]
  0x0000022f866e7d20 JavaThread "Execution worker" [_thread_blocked, id=13644, stack(0x00000085bb800000,0x00000085bb900000)]
  0x0000022f866e2200 JavaThread "Execution worker Thread 2" [_thread_blocked, id=1076, stack(0x00000085bb900000,0x00000085bba00000)]
  0x0000022f866e2710 JavaThread "Execution worker Thread 3" [_thread_blocked, id=11652, stack(0x00000085bba00000,0x00000085bbb00000)]
  0x0000022f866e54a0 JavaThread "Cache worker for execution history cache (C:\flutr\flutter\packages\flutter_tools\gradle\.gradle\9.1.0\executionHistory)" [_thread_blocked, id=14188, stack(0x00000085bbb00000,0x00000085bbc00000)]
  0x0000022f873d00c0 JavaThread "Unconstrained build operations Thread 10" [_thread_blocked, id=13680, stack(0x00000085bbc00000,0x00000085bbd00000)]
  0x0000022f40a64df0 JavaThread "Unconstrained build operations Thread 11" [_thread_blocked, id=14020, stack(0x00000085bbd00000,0x00000085bbe00000)]
  0x0000022f8b619cf0 JavaThread "Unconstrained build operations Thread 12" [_thread_blocked, id=13720, stack(0x00000085bbe00000,0x00000085bbf00000)]
  0x0000022f8b61a200 JavaThread "Unconstrained build operations Thread 13" [_thread_blocked, id=13516, stack(0x00000085bbf00000,0x00000085bc000000)]
  0x0000022f8b616f60 JavaThread "Unconstrained build operations Thread 14" [_thread_blocked, id=3744, stack(0x00000085bc000000,0x00000085bc100000)]
  0x0000022f8b618dc0 JavaThread "Unconstrained build operations Thread 15" [_thread_blocked, id=13960, stack(0x00000085bc100000,0x00000085bc200000)]
  0x0000022f8b617980 JavaThread "Unconstrained build operations Thread 16" [_thread_blocked, id=12044, stack(0x00000085bc200000,0x00000085bc300000)]
  0x0000022f8b617e90 JavaThread "Unconstrained build operations Thread 17" [_thread_blocked, id=11860, stack(0x00000085bc300000,0x00000085bc400000)]
  0x0000022f8b6137b0 JavaThread "Unconstrained build operations Thread 18" [_thread_blocked, id=1128, stack(0x00000085bc400000,0x00000085bc500000)]
  0x0000022f8b6132a0 JavaThread "Unconstrained build operations Thread 19" [_thread_blocked, id=1392, stack(0x00000085bc500000,0x00000085bc600000)]
  0x0000022f8b615610 JavaThread "Unconstrained build operations Thread 20" [_thread_blocked, id=11272, stack(0x00000085bc600000,0x00000085bc700000)]
  0x0000022f8b61a710 JavaThread "Unconstrained build operations Thread 21" [_thread_blocked, id=5932, stack(0x00000085ba400000,0x00000085ba500000)]
  0x0000022f8b6188b0 JavaThread "Unconstrained build operations Thread 22" [_thread_blocked, id=1336, stack(0x00000085bc700000,0x00000085bc800000)]
  0x0000022f8b617470 JavaThread "Unconstrained build operations Thread 23" [_thread_blocked, id=13656, stack(0x00000085bc800000,0x00000085bc900000)]
  0x0000022f8b613cc0 JavaThread "Unconstrained build operations Thread 24" [_thread_blocked, id=384, stack(0x00000085bc900000,0x00000085bca00000)]
  0x0000022f8b615b20 JavaThread "Unconstrained build operations Thread 25" [_thread_blocked, id=6132, stack(0x00000085bca00000,0x00000085bcb00000)]
  0x0000022f8b616540 JavaThread "Unconstrained build operations Thread 26" [_thread_blocked, id=13748, stack(0x00000085bcb00000,0x00000085bcc00000)]
  0x0000022f8b6141d0 JavaThread "Unconstrained build operations Thread 27" [_thread_blocked, id=14028, stack(0x00000085bcc00000,0x00000085bcd00000)]
  0x0000022f8b61ac20 JavaThread "Unconstrained build operations Thread 28" [_thread_blocked, id=8008, stack(0x00000085bcd00000,0x00000085bce00000)]
  0x0000022f8b6183a0 JavaThread "Unconstrained build operations Thread 29" [_thread_blocked, id=10968, stack(0x00000085bce00000,0x00000085bcf00000)]
  0x0000022f40a66740 JavaThread "build event listener" [_thread_blocked, id=8788, stack(0x00000085bd000000,0x00000085bd100000)]
  0x0000022f8c5e7980 JavaThread "build event listener" [_thread_blocked, id=13584, stack(0x00000085bd100000,0x00000085bd200000)]
  0x0000022f8c5e7e90 JavaThread "Problems report writer" [_thread_blocked, id=3556, stack(0x00000085b7800000,0x00000085b7900000)]
  0x0000022f8c5e83a0 JavaThread "jar transforms Thread 3" [_thread_blocked, id=11320, stack(0x00000085b7900000,0x00000085b7a00000)]
  0x0000022f8c5e88b0 JavaThread "Unconstrained build operations Thread 30" [_thread_blocked, id=14132, stack(0x00000085bcf00000,0x00000085bd000000)]
  0x0000022f8c5e97e0 JavaThread "Unconstrained build operations Thread 31" [_thread_blocked, id=14232, stack(0x00000085bd200000,0x00000085bd300000)]
  0x0000022f8c5e8dc0 JavaThread "Unconstrained build operations Thread 32" [_thread_blocked, id=3480, stack(0x00000085bd300000,0x00000085bd400000)]
  0x0000022f8c5e6030 JavaThread "Unconstrained build operations Thread 33" [_thread_blocked, id=12572, stack(0x00000085bd400000,0x00000085bd500000)]
  0x0000022f8c5e6f60 JavaThread "Unconstrained build operations Thread 34" [_thread_blocked, id=8308, stack(0x00000085bd500000,0x00000085bd600000)]
  0x0000022f9151d290 JavaThread "Unconstrained build operations Thread 35" [_thread_blocked, id=4412, stack(0x00000085bd600000,0x00000085bd700000)]
  0x0000022f915195d0 JavaThread "Unconstrained build operations Thread 36" [_thread_blocked, id=11604, stack(0x00000085bd700000,0x00000085bd800000)]
  0x0000022f9151f600 JavaThread "Unconstrained build operations Thread 37" [_thread_blocked, id=11632, stack(0x00000085bd800000,0x00000085bd900000)]
  0x0000022f9151e1c0 JavaThread "Unconstrained build operations Thread 38" [_thread_blocked, id=13760, stack(0x00000085bd900000,0x00000085bda00000)]
  0x0000022f9151b940 JavaThread "jar transforms Thread 4" [_thread_blocked, id=10360, stack(0x00000085bda00000,0x00000085bdb00000)]
  0x0000022f9151c360 JavaThread "Unconstrained build operations Thread 39" [_thread_blocked, id=14072, stack(0x00000085bdb00000,0x00000085bdc00000)]
  0x0000022f91519ae0 JavaThread "Unconstrained build operations Thread 40" [_thread_blocked, id=12240, stack(0x00000085bdc00000,0x00000085bdd00000)]

Other Threads:
=>0x0000022f3dd173f0 VMThread "VM Thread" [stack: 0x00000085b8100000,0x00000085b8200000] [id=9128]
  0x0000022f02ebf980 WatcherThread [stack: 0x00000085b8d00000,0x00000085b8e00000] [id=13424]
  0x0000022f02f6aa40 GCTaskThread "GC Thread#0" [stack: 0x00000085b7c00000,0x00000085b7d00000] [id=13612]
  0x0000022f40523e20 GCTaskThread "GC Thread#1" [stack: 0x00000085b8e00000,0x00000085b8f00000] [id=14308]
  0x0000022f40580830 GCTaskThread "GC Thread#2" [stack: 0x00000085b8f00000,0x00000085b9000000] [id=1680]
  0x0000022f86b415f0 GCTaskThread "GC Thread#3" [stack: 0x00000085b9100000,0x00000085b9200000] [id=11008]
  0x0000022f02f6b630 ConcurrentGCThread "G1 Main Marker" [stack: 0x00000085b7d00000,0x00000085b7e00000] [id=11772]
  0x0000022f02f6cf70 ConcurrentGCThread "G1 Conc#0" [stack: 0x00000085b7e00000,0x00000085b7f00000] [id=10400]
  0x0000022f3dbcc220 ConcurrentGCThread "G1 Refine#0" [stack: 0x00000085b7f00000,0x00000085b8000000] [id=13316]
  0x0000022f3dbd4b80 ConcurrentGCThread "G1 Service" [stack: 0x00000085b8000000,0x00000085b8100000] [id=13820]

Threads with active compile tasks:

VM state: at safepoint (normal execution)

VM Mutex/Monitor currently owned by a thread:  ([mutex/lock_event])
[0x0000022f02eba8b0] Threads_lock - owner thread: 0x0000022f3dd173f0
[0x0000022f02eb9fb0] Heap_lock - owner thread: 0x0000022f866e6df0

Heap address: 0x0000000600000000, size: 8192 MB, Compressed Oops mode: Zero based, Oop shift amount: 3

CDS archive(s) mapped at: [0x0000022f41000000-0x0000022f41bb0000-0x0000022f41bb0000), size 12255232, SharedBaseAddress: 0x0000022f41000000, ArchiveRelocationMode: 1.
Compressed class space mapped at: 0x0000022f42000000-0x0000022f82000000, reserved size: 1073741824
Narrow klass base: 0x0000022f41000000, Narrow klass shift: 0, Narrow klass range: 0x100000000

GC Precious Log:
 CPUs: 4 total, 4 available
 Memory: 3978M
 Large Page Support: Disabled
 NUMA Support: Disabled
 Compressed Oops: Enabled (Zero based)
 Heap Region Size: 4M
 Heap Min Capacity: 8M
 Heap Initial Capacity: 64M
 Heap Max Capacity: 8G
 Pre-touch: Disabled
 Parallel Workers: 4
 Concurrent Workers: 1
 Concurrent Refinement Workers: 4
 Periodic GC: Disabled

Heap:
 garbage-first heap   total 1454080K, used 477576K [0x0000000600000000, 0x0000000800000000)
  region size 4096K, 4 young (16384K), 4 survivors (16384K)
 Metaspace       used 179907K, committed 181312K, reserved 1245184K
  class space    used 23478K, committed 24128K, reserved 1048576K

Heap Regions: E=young(eden), S=young(survivor), O=old, HS=humongous(starts), HC=humongous(continues), CS=collection set, F=free, OA=open archive, CA=closed archive, TAMS=top-at-mark-start (previous, next)
|   0|0x0000000600000000, 0x0000000600400000, 0x0000000600400000|100%|HS|  |TAMS 0x0000000600400000, 0x0000000600000000| Complete 
|   1|0x0000000600400000, 0x0000000600800000, 0x0000000600800000|100%| O|  |TAMS 0x0000000600800000, 0x0000000600400000| Untracked 
|   2|0x0000000600800000, 0x0000000600c00000, 0x0000000600c00000|100%| O|  |TAMS 0x0000000600c00000, 0x0000000600800000| Untracked 
|   3|0x0000000600c00000, 0x0000000601000000, 0x0000000601000000|100%| O|  |TAMS 0x0000000601000000, 0x0000000600c00000| Untracked 
|   4|0x0000000601000000, 0x0000000601400000, 0x0000000601400000|100%| O|  |TAMS 0x0000000601400000, 0x0000000601000000| Untracked 
|   5|0x0000000601400000, 0x0000000601800000, 0x0000000601800000|100%| O|  |TAMS 0x0000000601800000, 0x0000000601400000| Untracked 
|   6|0x0000000601800000, 0x0000000601c00000, 0x0000000601c00000|100%| O|  |TAMS 0x0000000601c00000, 0x0000000601800000| Untracked 
|   7|0x0000000601c00000, 0x0000000602000000, 0x0000000602000000|100%| O|  |TAMS 0x0000000602000000, 0x0000000601c00000| Untracked 
|   8|0x0000000602000000, 0x0000000602400000, 0x0000000602400000|100%| O|  |TAMS 0x0000000602400000, 0x0000000602000000| Untracked 
|   9|0x0000000602400000, 0x0000000602800000, 0x0000000602800000|100%| O|  |TAMS 0x0000000602800000, 0x0000000602400000| Untracked 
|  10|0x0000000602800000, 0x0000000602c00000, 0x0000000602c00000|100%| O|  |TAMS 0x0000000602c00000, 0x0000000602800000| Untracked 
|  11|0x0000000602c00000, 0x0000000603000000, 0x0000000603000000|100%| O|  |TAMS 0x0000000603000000, 0x0000000602c00000| Untracked 
|  12|0x0000000603000000, 0x0000000603400000, 0x0000000603400000|100%| O|  |TAMS 0x0000000603400000, 0x0000000603000000| Untracked 
|  13|0x0000000603400000, 0x0000000603800000, 0x0000000603800000|100%| O|  |TAMS 0x0000000603800000, 0x0000000603400000| Untracked 
|  14|0x0000000603800000, 0x0000000603c00000, 0x0000000603c00000|100%| O|  |TAMS 0x0000000603c00000, 0x0000000603800000| Untracked 
|  15|0x0000000603c00000, 0x0000000604000000, 0x0000000604000000|100%| O|  |TAMS 0x0000000604000000, 0x0000000603c00000| Untracked 
|  16|0x0000000604000000, 0x0000000604400000, 0x0000000604400000|100%| O|  |TAMS 0x0000000604400000, 0x0000000604000000| Untracked 
|  17|0x0000000604400000, 0x0000000604800000, 0x0000000604800000|100%| O|  |TAMS 0x0000000604800000, 0x0000000604400000| Untracked 
|  18|0x0000000604800000, 0x0000000604c00000, 0x0000000604c00000|100%| O|  |TAMS 0x0000000604c00000, 0x0000000604800000| Untracked 
|  19|0x0000000604c00000, 0x0000000605000000, 0x0000000605000000|100%| O|  |TAMS 0x0000000605000000, 0x0000000604c00000| Untracked 
|  20|0x0000000605000000, 0x0000000605400000, 0x0000000605400000|100%| O|  |TAMS 0x0000000605400000, 0x0000000605000000| Untracked 
|  21|0x0000000605400000, 0x0000000605800000, 0x0000000605800000|100%| O|  |TAMS 0x0000000605400000, 0x0000000605400000| Untracked 
|  22|0x0000000605800000, 0x0000000605c00000, 0x0000000605c00000|100%| O|  |TAMS 0x0000000605c00000, 0x0000000605800000| Untracked 
|  23|0x0000000605c00000, 0x0000000606000000, 0x0000000606000000|100%| O|  |TAMS 0x0000000606000000, 0x0000000605c00000| Untracked 
|  24|0x0000000606000000, 0x0000000606400000, 0x0000000606400000|100%| O|  |TAMS 0x0000000606400000, 0x0000000606000000| Untracked 
|  25|0x0000000606400000, 0x0000000606800000, 0x0000000606800000|100%| O|  |TAMS 0x0000000606800000, 0x0000000606400000| Untracked 
|  26|0x0000000606800000, 0x0000000606c00000, 0x0000000606c00000|100%| O|  |TAMS 0x0000000606c00000, 0x0000000606800000| Untracked 
|  27|0x0000000606c00000, 0x0000000607000000, 0x0000000607000000|100%| O|  |TAMS 0x0000000607000000, 0x0000000606c00000| Untracked 
|  28|0x0000000607000000, 0x0000000607400000, 0x0000000607400000|100%| O|  |TAMS 0x0000000607400000, 0x0000000607000000| Untracked 
|  29|0x0000000607400000, 0x0000000607800000, 0x0000000607800000|100%| O|  |TAMS 0x0000000607800000, 0x0000000607400000| Untracked 
|  30|0x0000000607800000, 0x0000000607c00000, 0x0000000607c00000|100%| O|  |TAMS 0x0000000607c00000, 0x0000000607800000| Untracked 
|  31|0x0000000607c00000, 0x0000000608000000, 0x0000000608000000|100%| O|  |TAMS 0x0000000608000000, 0x0000000607c00000| Untracked 
|  32|0x0000000608000000, 0x0000000608400000, 0x0000000608400000|100%| O|  |TAMS 0x0000000608400000, 0x0000000608000000| Untracked 
|  33|0x0000000608400000, 0x0000000608800000, 0x0000000608800000|100%| O|  |TAMS 0x0000000608800000, 0x0000000608400000| Untracked 
|  34|0x0000000608800000, 0x0000000608c00000, 0x0000000608c00000|100%| O|  |TAMS 0x0000000608c00000, 0x0000000608800000| Untracked 
|  35|0x0000000608c00000, 0x0000000609000000, 0x0000000609000000|100%| O|  |TAMS 0x0000000609000000, 0x0000000608c00000| Untracked 
|  36|0x0000000609000000, 0x0000000609400000, 0x0000000609400000|100%| O|  |TAMS 0x0000000609400000, 0x0000000609000000| Untracked 
|  37|0x0000000609400000, 0x0000000609800000, 0x0000000609800000|100%| O|  |TAMS 0x0000000609800000, 0x0000000609400000| Untracked 
|  38|0x0000000609800000, 0x0000000609c00000, 0x0000000609c00000|100%| O|  |TAMS 0x0000000609c00000, 0x0000000609800000| Untracked 
|  39|0x0000000609c00000, 0x000000060a000000, 0x000000060a000000|100%| O|  |TAMS 0x000000060a000000, 0x0000000609c00000| Untracked 
|  40|0x000000060a000000, 0x000000060a400000, 0x000000060a400000|100%| O|  |TAMS 0x000000060a400000, 0x000000060a000000| Untracked 
|  41|0x000000060a400000, 0x000000060a800000, 0x000000060a800000|100%| O|  |TAMS 0x000000060a800000, 0x000000060a400000| Untracked 
|  42|0x000000060a800000, 0x000000060ac00000, 0x000000060ac00000|100%| O|  |TAMS 0x000000060ac00000, 0x000000060a800000| Untracked 
|  43|0x000000060ac00000, 0x000000060b000000, 0x000000060b000000|100%| O|  |TAMS 0x000000060b000000, 0x000000060ac00000| Untracked 
|  44|0x000000060b000000, 0x000000060b400000, 0x000000060b400000|100%| O|  |TAMS 0x000000060b400000, 0x000000060b000000| Untracked 
|  45|0x000000060b400000, 0x000000060b800000, 0x000000060b800000|100%| O|  |TAMS 0x000000060b800000, 0x000000060b400000| Untracked 
|  46|0x000000060b800000, 0x000000060bc00000, 0x000000060bc00000|100%| O|  |TAMS 0x000000060bc00000, 0x000000060b800000| Untracked 
|  47|0x000000060bc00000, 0x000000060c000000, 0x000000060c000000|100%| O|  |TAMS 0x000000060c000000, 0x000000060bc00000| Untracked 
|  48|0x000000060c000000, 0x000000060c400000, 0x000000060c400000|100%| O|  |TAMS 0x000000060c400000, 0x000000060c000000| Untracked 
|  49|0x000000060c400000, 0x000000060c800000, 0x000000060c800000|100%| O|  |TAMS 0x000000060c800000, 0x000000060c400000| Untracked 
|  50|0x000000060c800000, 0x000000060cc00000, 0x000000060cc00000|100%| O|  |TAMS 0x000000060cc00000, 0x000000060c800000| Untracked 
|  51|0x000000060cc00000, 0x000000060d000000, 0x000000060d000000|100%| O|  |TAMS 0x000000060d000000, 0x000000060cc00000| Untracked 
|  52|0x000000060d000000, 0x000000060d400000, 0x000000060d400000|100%| O|  |TAMS 0x000000060d400000, 0x000000060d000000| Untracked 
|  53|0x000000060d400000, 0x000000060d800000, 0x000000060d800000|100%| O|  |TAMS 0x000000060d800000, 0x000000060d400000| Untracked 
|  54|0x000000060d800000, 0x000000060dc00000, 0x000000060dc00000|100%| O|  |TAMS 0x000000060dc00000, 0x000000060d800000| Untracked 
|  55|0x000000060dc00000, 0x000000060e000000, 0x000000060e000000|100%| O|  |TAMS 0x000000060e000000, 0x000000060dc00000| Untracked 
|  56|0x000000060e000000, 0x000000060e400000, 0x000000060e400000|100%| O|  |TAMS 0x000000060e400000, 0x000000060e000000| Untracked 
|  57|0x000000060e400000, 0x000000060e800000, 0x000000060e800000|100%| O|  |TAMS 0x000000060e800000, 0x000000060e400000| Untracked 
|  58|0x000000060e800000, 0x000000060ec00000, 0x000000060ec00000|100%| O|  |TAMS 0x000000060ec00000, 0x000000060e800000| Untracked 
|  59|0x000000060ec00000, 0x000000060f000000, 0x000000060f000000|100%| O|  |TAMS 0x000000060f000000, 0x000000060ec00000| Untracked 
|  60|0x000000060f000000, 0x000000060f400000, 0x000000060f400000|100%| O|  |TAMS 0x000000060f400000, 0x000000060f000000| Untracked 
|  61|0x000000060f400000, 0x000000060f800000, 0x000000060f800000|100%| O|  |TAMS 0x000000060f800000, 0x000000060f400000| Untracked 
|  62|0x000000060f800000, 0x000000060fc00000, 0x000000060fc00000|100%| O|  |TAMS 0x000000060f800000, 0x000000060f800000| Untracked 
|  63|0x000000060fc00000, 0x0000000610000000, 0x0000000610000000|100%|HS|  |TAMS 0x0000000610000000, 0x000000060fc00000| Complete 
|  64|0x0000000610000000, 0x0000000610400000, 0x0000000610400000|100%| O|  |TAMS 0x0000000610400000, 0x0000000610000000| Untracked 
|  65|0x0000000610400000, 0x0000000610800000, 0x0000000610800000|100%| O|  |TAMS 0x0000000610800000, 0x0000000610400000| Untracked 
|  66|0x0000000610800000, 0x0000000610c00000, 0x0000000610c00000|100%| O|  |TAMS 0x0000000610c00000, 0x0000000610800000| Untracked 
|  67|0x0000000610c00000, 0x0000000611000000, 0x0000000611000000|100%| O|  |TAMS 0x0000000611000000, 0x0000000610c00000| Untracked 
|  68|0x0000000611000000, 0x0000000611400000, 0x0000000611400000|100%| O|  |TAMS 0x0000000611400000, 0x0000000611000000| Untracked 
|  69|0x0000000611400000, 0x0000000611800000, 0x0000000611800000|100%| O|  |TAMS 0x0000000611800000, 0x0000000611400000| Untracked 
|  70|0x0000000611800000, 0x0000000611c00000, 0x0000000611c00000|100%| O|  |TAMS 0x0000000611c00000, 0x0000000611800000| Untracked 
|  71|0x0000000611c00000, 0x0000000612000000, 0x0000000612000000|100%| O|  |TAMS 0x0000000612000000, 0x0000000611c00000| Untracked 
|  72|0x0000000612000000, 0x0000000612400000, 0x0000000612400000|100%| O|  |TAMS 0x0000000612400000, 0x0000000612000000| Untracked 
|  73|0x0000000612400000, 0x0000000612800000, 0x0000000612800000|100%| O|  |TAMS 0x0000000612800000, 0x0000000612400000| Untracked 
|  74|0x0000000612800000, 0x0000000612c00000, 0x0000000612c00000|100%|HS|  |TAMS 0x0000000612c00000, 0x0000000612800000| Complete 
|  75|0x0000000612c00000, 0x0000000613000000, 0x0000000613000000|100%| O|  |TAMS 0x0000000613000000, 0x0000000612c00000| Untracked 
|  76|0x0000000613000000, 0x0000000613400000, 0x0000000613400000|100%| O|  |TAMS 0x0000000613400000, 0x0000000613000000| Untracked 
|  77|0x0000000613400000, 0x0000000613800000, 0x0000000613800000|100%| O|  |TAMS 0x0000000613800000, 0x0000000613400000| Untracked 
|  78|0x0000000613800000, 0x0000000613c00000, 0x0000000613c00000|100%| O|  |TAMS 0x0000000613c00000, 0x0000000613800000| Untracked 
|  79|0x0000000613c00000, 0x0000000614000000, 0x0000000614000000|100%| O|  |TAMS 0x0000000614000000, 0x0000000613c00000| Untracked 
|  80|0x0000000614000000, 0x0000000614400000, 0x0000000614400000|100%| O|  |TAMS 0x0000000614400000, 0x0000000614000000| Untracked 
|  81|0x0000000614400000, 0x0000000614800000, 0x0000000614800000|100%| O|  |TAMS 0x0000000614800000, 0x0000000614400000| Untracked 
|  82|0x0000000614800000, 0x0000000614c00000, 0x0000000614c00000|100%| O|  |TAMS 0x0000000614c00000, 0x0000000614800000| Untracked 
|  83|0x0000000614c00000, 0x0000000615000000, 0x0000000615000000|100%| O|  |TAMS 0x0000000615000000, 0x0000000614c00000| Untracked 
|  84|0x0000000615000000, 0x0000000615400000, 0x0000000615400000|100%| O|  |TAMS 0x0000000615400000, 0x0000000615000000| Untracked 
|  85|0x0000000615400000, 0x0000000615800000, 0x0000000615800000|100%| O|  |TAMS 0x0000000615800000, 0x0000000615400000| Untracked 
|  86|0x0000000615800000, 0x0000000615c00000, 0x0000000615c00000|100%| O|  |TAMS 0x0000000615c00000, 0x0000000615800000| Untracked 
|  87|0x0000000615c00000, 0x0000000616000000, 0x0000000616000000|100%| O|  |TAMS 0x0000000616000000, 0x0000000615c00000| Untracked 
|  88|0x0000000616000000, 0x0000000616400000, 0x0000000616400000|100%| O|  |TAMS 0x0000000616400000, 0x0000000616000000| Untracked 
|  89|0x0000000616400000, 0x0000000616800000, 0x0000000616800000|100%| O|  |TAMS 0x0000000616800000, 0x0000000616400000| Untracked 
|  90|0x0000000616800000, 0x0000000616c00000, 0x0000000616c00000|100%| O|  |TAMS 0x0000000616c00000, 0x0000000616800000| Untracked 
|  91|0x0000000616c00000, 0x0000000617000000, 0x0000000617000000|100%| O|  |TAMS 0x0000000617000000, 0x0000000616c00000| Untracked 
|  92|0x0000000617000000, 0x0000000617400000, 0x0000000617400000|100%| O|  |TAMS 0x0000000617400000, 0x0000000617000000| Untracked 
|  93|0x0000000617400000, 0x0000000617800000, 0x0000000617800000|100%| O|  |TAMS 0x0000000617800000, 0x0000000617400000| Untracked 
|  94|0x0000000617800000, 0x0000000617800000, 0x0000000617c00000|  0%| F|  |TAMS 0x0000000617800000, 0x0000000617800000| Untracked 
|  95|0x0000000617c00000, 0x0000000618000000, 0x0000000618000000|100%| O|  |TAMS 0x0000000618000000, 0x0000000617c00000| Untracked 
|  96|0x0000000618000000, 0x0000000618400000, 0x0000000618400000|100%| O|  |TAMS 0x0000000618400000, 0x0000000618000000| Untracked 
|  97|0x0000000618400000, 0x0000000618400000, 0x0000000618800000|  0%| F|  |TAMS 0x0000000618400000, 0x0000000618400000| Untracked 
|  98|0x0000000618800000, 0x0000000618c00000, 0x0000000618c00000|100%| O|  |TAMS 0x0000000618c00000, 0x0000000618800000| Untracked 
|  99|0x0000000618c00000, 0x0000000619000000, 0x0000000619000000|100%| O|  |TAMS 0x0000000619000000, 0x0000000618c00000| Untracked 
| 100|0x0000000619000000, 0x0000000619400000, 0x0000000619400000|100%| O|  |TAMS 0x0000000619400000, 0x0000000619000000| Untracked 
| 101|0x0000000619400000, 0x0000000619800000, 0x0000000619800000|100%| O|  |TAMS 0x0000000619800000, 0x0000000619400000| Untracked 
| 102|0x0000000619800000, 0x0000000619c00000, 0x0000000619c00000|100%| O|  |TAMS 0x0000000619c00000, 0x0000000619800000| Untracked 
| 103|0x0000000619c00000, 0x000000061a000000, 0x000000061a000000|100%| O|  |TAMS 0x000000061a000000, 0x0000000619c00000| Untracked 
| 104|0x000000061a000000, 0x000000061a400000, 0x000000061a400000|100%| O|  |TAMS 0x000000061a400000, 0x000000061a000000| Untracked 
| 105|0x000000061a400000, 0x000000061a800000, 0x000000061a800000|100%| O|  |TAMS 0x000000061a800000, 0x000000061a400000| Untracked 
| 106|0x000000061a800000, 0x000000061ac00000, 0x000000061ac00000|100%| O|  |TAMS 0x000000061ac00000, 0x000000061a800000| Untracked 
| 107|0x000000061ac00000, 0x000000061b000000, 0x000000061b000000|100%| O|  |TAMS 0x000000061b000000, 0x000000061ac00000| Untracked 
| 108|0x000000061b000000, 0x000000061b000000, 0x000000061b400000|  0%| F|  |TAMS 0x000000061b000000, 0x000000061b000000| Untracked 
| 109|0x000000061b400000, 0x000000061b800000, 0x000000061b800000|100%| O|  |TAMS 0x000000061b800000, 0x000000061b400000| Untracked 
| 110|0x000000061b800000, 0x000000061bc00000, 0x000000061bc00000|100%| O|  |TAMS 0x000000061bc00000, 0x000000061b800000| Untracked 
| 111|0x000000061bc00000, 0x000000061c000000, 0x000000061c000000|100%| O|  |TAMS 0x000000061c000000, 0x000000061bc00000| Untracked 
| 112|0x000000061c000000, 0x000000061c000000, 0x000000061c400000|  0%| F|  |TAMS 0x000000061c000000, 0x000000061c000000| Untracked 
| 113|0x000000061c400000, 0x000000061c800000, 0x000000061c800000|100%| O|  |TAMS 0x000000061c800000, 0x000000061c400000| Untracked 
| 114|0x000000061c800000, 0x000000061c800000, 0x000000061cc00000|  0%| F|  |TAMS 0x000000061c800000, 0x000000061c800000| Untracked 
| 115|0x000000061cc00000, 0x000000061d000000, 0x000000061d000000|100%| O|  |TAMS 0x000000061cc00000, 0x000000061cc00000| Untracked 
| 116|0x000000061d000000, 0x000000061d400000, 0x000000061d400000|100%| O|  |TAMS 0x000000061d000000, 0x000000061d000000| Untracked 
| 117|0x000000061d400000, 0x000000061d800000, 0x000000061d800000|100%| O|  |TAMS 0x000000061d400000, 0x000000061d400000| Untracked 
| 118|0x000000061d800000, 0x000000061d9b4000, 0x000000061dc00000| 42%| O|  |TAMS 0x000000061d800000, 0x000000061d800000| Untracked 
| 119|0x000000061dc00000, 0x000000061dc00000, 0x000000061e000000|  0%| F|  |TAMS 0x000000061dc00000, 0x000000061dc00000| Untracked 
| 120|0x000000061e000000, 0x000000061e000000, 0x000000061e400000|  0%| F|  |TAMS 0x000000061e000000, 0x000000061e000000| Untracked 
| 121|0x000000061e400000, 0x000000061e400000, 0x000000061e800000|  0%| F|  |TAMS 0x000000061e400000, 0x000000061e400000| Untracked 
| 122|0x000000061e800000, 0x000000061e800000, 0x000000061ec00000|  0%| F|  |TAMS 0x000000061e800000, 0x000000061e800000| Untracked 
| 123|0x000000061ec00000, 0x000000061ec00000, 0x000000061f000000|  0%| F|  |TAMS 0x000000061ec00000, 0x000000061ec00000| Untracked 
| 124|0x000000061f000000, 0x000000061f000000, 0x000000061f400000|  0%| F|  |TAMS 0x000000061f000000, 0x000000061f000000| Untracked 
| 125|0x000000061f400000, 0x000000061f400000, 0x000000061f800000|  0%| F|  |TAMS 0x000000061f400000, 0x000000061f400000| Untracked 
| 126|0x000000061f800000, 0x000000061f800000, 0x000000061fc00000|  0%| F|  |TAMS 0x000000061f800000, 0x000000061f800000| Untracked 
| 127|0x000000061fc00000, 0x000000061fc00000, 0x0000000620000000|  0%| F|  |TAMS 0x000000061fc00000, 0x000000061fc00000| Untracked 
| 128|0x0000000620000000, 0x0000000620000000, 0x0000000620400000|  0%| F|  |TAMS 0x0000000620000000, 0x0000000620000000| Untracked 
| 129|0x0000000620400000, 0x0000000620400000, 0x0000000620800000|  0%| F|  |TAMS 0x0000000620400000, 0x0000000620400000| Untracked 
| 130|0x0000000620800000, 0x0000000620800000, 0x0000000620c00000|  0%| F|  |TAMS 0x0000000620800000, 0x0000000620800000| Untracked 
| 131|0x0000000620c00000, 0x0000000620c00000, 0x0000000621000000|  0%| F|  |TAMS 0x0000000620c00000, 0x0000000620c00000| Untracked 
| 132|0x0000000621000000, 0x0000000621000000, 0x0000000621400000|  0%| F|  |TAMS 0x0000000621000000, 0x0000000621000000| Untracked 
| 133|0x0000000621400000, 0x0000000621400000, 0x0000000621800000|  0%| F|  |TAMS 0x0000000621400000, 0x0000000621400000| Untracked 
| 134|0x0000000621800000, 0x0000000621800000, 0x0000000621c00000|  0%| F|  |TAMS 0x0000000621800000, 0x0000000621800000| Untracked 
| 135|0x0000000621c00000, 0x0000000621c00000, 0x0000000622000000|  0%| F|  |TAMS 0x0000000621c00000, 0x0000000621c00000| Untracked 
| 136|0x0000000622000000, 0x0000000622000000, 0x0000000622400000|  0%| F|  |TAMS 0x0000000622000000, 0x0000000622000000| Untracked 
| 137|0x0000000622400000, 0x0000000622400000, 0x0000000622800000|  0%| F|  |TAMS 0x0000000622400000, 0x0000000622400000| Untracked 
| 138|0x0000000622800000, 0x0000000622800000, 0x0000000622c00000|  0%| F|  |TAMS 0x0000000622800000, 0x0000000622800000| Untracked 
| 139|0x0000000622c00000, 0x0000000622c00000, 0x0000000623000000|  0%| F|  |TAMS 0x0000000622c00000, 0x0000000622c00000| Untracked 
| 140|0x0000000623000000, 0x0000000623000000, 0x0000000623400000|  0%| F|  |TAMS 0x0000000623000000, 0x0000000623000000| Untracked 
| 141|0x0000000623400000, 0x0000000623400000, 0x0000000623800000|  0%| F|  |TAMS 0x0000000623400000, 0x0000000623400000| Untracked 
| 142|0x0000000623800000, 0x0000000623800000, 0x0000000623c00000|  0%| F|  |TAMS 0x0000000623800000, 0x0000000623800000| Untracked 
| 143|0x0000000623c00000, 0x0000000623c00000, 0x0000000624000000|  0%| F|  |TAMS 0x0000000623c00000, 0x0000000623c00000| Untracked 
| 144|0x0000000624000000, 0x0000000624000000, 0x0000000624400000|  0%| F|  |TAMS 0x0000000624000000, 0x0000000624000000| Untracked 
| 145|0x0000000624400000, 0x0000000624400000, 0x0000000624800000|  0%| F|  |TAMS 0x0000000624400000, 0x0000000624400000| Untracked 
| 146|0x0000000624800000, 0x0000000624800000, 0x0000000624c00000|  0%| F|  |TAMS 0x0000000624800000, 0x0000000624800000| Untracked 
| 147|0x0000000624c00000, 0x0000000624c00000, 0x0000000625000000|  0%| F|  |TAMS 0x0000000624c00000, 0x0000000624c00000| Untracked 
| 148|0x0000000625000000, 0x0000000625000000, 0x0000000625400000|  0%| F|  |TAMS 0x0000000625000000, 0x0000000625000000| Untracked 
| 149|0x0000000625400000, 0x0000000625400000, 0x0000000625800000|  0%| F|  |TAMS 0x0000000625400000, 0x0000000625400000| Untracked 
| 150|0x0000000625800000, 0x0000000625800000, 0x0000000625c00000|  0%| F|  |TAMS 0x0000000625800000, 0x0000000625800000| Untracked 
| 151|0x0000000625c00000, 0x0000000625c00000, 0x0000000626000000|  0%| F|  |TAMS 0x0000000625c00000, 0x0000000625c00000| Untracked 
| 152|0x0000000626000000, 0x0000000626000000, 0x0000000626400000|  0%| F|  |TAMS 0x0000000626000000, 0x0000000626000000| Untracked 
| 153|0x0000000626400000, 0x0000000626400000, 0x0000000626800000|  0%| F|  |TAMS 0x0000000626400000, 0x0000000626400000| Untracked 
| 154|0x0000000626800000, 0x0000000626800000, 0x0000000626c00000|  0%| F|  |TAMS 0x0000000626800000, 0x0000000626800000| Untracked 
| 155|0x0000000626c00000, 0x0000000626c00000, 0x0000000627000000|  0%| F|  |TAMS 0x0000000626c00000, 0x0000000626c00000| Untracked 
| 156|0x0000000627000000, 0x0000000627000000, 0x0000000627400000|  0%| F|  |TAMS 0x0000000627000000, 0x0000000627000000| Untracked 
| 157|0x0000000627400000, 0x0000000627400000, 0x0000000627800000|  0%| F|  |TAMS 0x0000000627400000, 0x0000000627400000| Untracked 
| 158|0x0000000627800000, 0x0000000627800000, 0x0000000627c00000|  0%| F|  |TAMS 0x0000000627800000, 0x0000000627800000| Untracked 
| 159|0x0000000627c00000, 0x0000000627c00000, 0x0000000628000000|  0%| F|  |TAMS 0x0000000627c00000, 0x0000000627c00000| Untracked 
| 160|0x0000000628000000, 0x0000000628000000, 0x0000000628400000|  0%| F|  |TAMS 0x0000000628000000, 0x0000000628000000| Untracked 
| 161|0x0000000628400000, 0x0000000628400000, 0x0000000628800000|  0%| F|  |TAMS 0x0000000628400000, 0x0000000628400000| Untracked 
| 162|0x0000000628800000, 0x0000000628800000, 0x0000000628c00000|  0%| F|  |TAMS 0x0000000628800000, 0x0000000628800000| Untracked 
| 163|0x0000000628c00000, 0x0000000628c00000, 0x0000000629000000|  0%| F|  |TAMS 0x0000000628c00000, 0x0000000628c00000| Untracked 
| 164|0x0000000629000000, 0x0000000629000000, 0x0000000629400000|  0%| F|  |TAMS 0x0000000629000000, 0x0000000629000000| Untracked 
| 165|0x0000000629400000, 0x0000000629400000, 0x0000000629800000|  0%| F|  |TAMS 0x0000000629400000, 0x0000000629400000| Untracked 
| 166|0x0000000629800000, 0x0000000629800000, 0x0000000629c00000|  0%| F|  |TAMS 0x0000000629800000, 0x0000000629800000| Untracked 
| 167|0x0000000629c00000, 0x0000000629c00000, 0x000000062a000000|  0%| F|  |TAMS 0x0000000629c00000, 0x0000000629c00000| Untracked 
| 168|0x000000062a000000, 0x000000062a0ae3c0, 0x000000062a400000| 17%| S|CS|TAMS 0x000000062a000000, 0x000000062a000000| Complete 
| 169|0x000000062a400000, 0x000000062a800000, 0x000000062a800000|100%| S|CS|TAMS 0x000000062a400000, 0x000000062a400000| Complete 
| 170|0x000000062a800000, 0x000000062ac00000, 0x000000062ac00000|100%| S|CS|TAMS 0x000000062a800000, 0x000000062a800000| Complete 
| 171|0x000000062ac00000, 0x000000062b000000, 0x000000062b000000|100%| S|CS|TAMS 0x000000062ac00000, 0x000000062ac00000| Complete 
| 172|0x000000062b000000, 0x000000062b000000, 0x000000062b400000|  0%| F|  |TAMS 0x000000062b000000, 0x000000062b000000| Untracked 
| 173|0x000000062b400000, 0x000000062b400000, 0x000000062b800000|  0%| F|  |TAMS 0x000000062b400000, 0x000000062b400000| Untracked 
| 174|0x000000062b800000, 0x000000062b800000, 0x000000062bc00000|  0%| F|  |TAMS 0x000000062b800000, 0x000000062b800000| Untracked 
| 175|0x000000062bc00000, 0x000000062bc00000, 0x000000062c000000|  0%| F|  |TAMS 0x000000062bc00000, 0x000000062bc00000| Untracked 
| 176|0x000000062c000000, 0x000000062c000000, 0x000000062c400000|  0%| F|  |TAMS 0x000000062c000000, 0x000000062c000000| Untracked 
| 177|0x000000062c400000, 0x000000062c400000, 0x000000062c800000|  0%| F|  |TAMS 0x000000062c400000, 0x000000062c400000| Untracked 
| 178|0x000000062c800000, 0x000000062c800000, 0x000000062cc00000|  0%| F|  |TAMS 0x000000062c800000, 0x000000062c800000| Untracked 
| 179|0x000000062cc00000, 0x000000062cc00000, 0x000000062d000000|  0%| F|  |TAMS 0x000000062cc00000, 0x000000062cc00000| Untracked 
| 180|0x000000062d000000, 0x000000062d000000, 0x000000062d400000|  0%| F|  |TAMS 0x000000062d000000, 0x000000062d000000| Untracked 
| 181|0x000000062d400000, 0x000000062d400000, 0x000000062d800000|  0%| F|  |TAMS 0x000000062d400000, 0x000000062d400000| Untracked 
| 182|0x000000062d800000, 0x000000062d800000, 0x000000062dc00000|  0%| F|  |TAMS 0x000000062d800000, 0x000000062d800000| Untracked 
| 183|0x000000062dc00000, 0x000000062dc00000, 0x000000062e000000|  0%| F|  |TAMS 0x000000062dc00000, 0x000000062dc00000| Untracked 
| 184|0x000000062e000000, 0x000000062e000000, 0x000000062e400000|  0%| F|  |TAMS 0x000000062e000000, 0x000000062e000000| Untracked 
| 185|0x000000062e400000, 0x000000062e400000, 0x000000062e800000|  0%| F|  |TAMS 0x000000062e400000, 0x000000062e400000| Untracked 
| 186|0x000000062e800000, 0x000000062e800000, 0x000000062ec00000|  0%| F|  |TAMS 0x000000062e800000, 0x000000062e800000| Untracked 
| 187|0x000000062ec00000, 0x000000062ec00000, 0x000000062f000000|  0%| F|  |TAMS 0x000000062ec00000, 0x000000062ec00000| Untracked 
| 188|0x000000062f000000, 0x000000062f000000, 0x000000062f400000|  0%| F|  |TAMS 0x000000062f000000, 0x000000062f000000| Untracked 
| 189|0x000000062f400000, 0x000000062f400000, 0x000000062f800000|  0%| F|  |TAMS 0x000000062f400000, 0x000000062f400000| Untracked 
| 190|0x000000062f800000, 0x000000062f800000, 0x000000062fc00000|  0%| F|  |TAMS 0x000000062f800000, 0x000000062f800000| Untracked 
| 191|0x000000062fc00000, 0x000000062fc00000, 0x0000000630000000|  0%| F|  |TAMS 0x000000062fc00000, 0x000000062fc00000| Untracked 
| 192|0x0000000630000000, 0x0000000630000000, 0x0000000630400000|  0%| F|  |TAMS 0x0000000630000000, 0x0000000630000000| Untracked 
| 193|0x0000000630400000, 0x0000000630400000, 0x0000000630800000|  0%| F|  |TAMS 0x0000000630400000, 0x0000000630400000| Untracked 
| 194|0x0000000630800000, 0x0000000630800000, 0x0000000630c00000|  0%| F|  |TAMS 0x0000000630800000, 0x0000000630800000| Untracked 
| 195|0x0000000630c00000, 0x0000000630c00000, 0x0000000631000000|  0%| F|  |TAMS 0x0000000630c00000, 0x0000000630c00000| Untracked 
| 196|0x0000000631000000, 0x0000000631000000, 0x0000000631400000|  0%| F|  |TAMS 0x0000000631000000, 0x0000000631000000| Untracked 
| 197|0x0000000631400000, 0x0000000631400000, 0x0000000631800000|  0%| F|  |TAMS 0x0000000631400000, 0x0000000631400000| Untracked 
| 198|0x0000000631800000, 0x0000000631800000, 0x0000000631c00000|  0%| F|  |TAMS 0x0000000631800000, 0x0000000631800000| Untracked 
| 199|0x0000000631c00000, 0x0000000631c00000, 0x0000000632000000|  0%| F|  |TAMS 0x0000000631c00000, 0x0000000631c00000| Untracked 
| 200|0x0000000632000000, 0x0000000632000000, 0x0000000632400000|  0%| F|  |TAMS 0x0000000632000000, 0x0000000632000000| Untracked 
| 201|0x0000000632400000, 0x0000000632400000, 0x0000000632800000|  0%| F|  |TAMS 0x0000000632400000, 0x0000000632400000| Untracked 
| 202|0x0000000632800000, 0x0000000632800000, 0x0000000632c00000|  0%| F|  |TAMS 0x0000000632800000, 0x0000000632800000| Untracked 
| 203|0x0000000632c00000, 0x0000000632c00000, 0x0000000633000000|  0%| F|  |TAMS 0x0000000632c00000, 0x0000000632c00000| Untracked 
| 204|0x0000000633000000, 0x0000000633000000, 0x0000000633400000|  0%| F|  |TAMS 0x0000000633000000, 0x0000000633000000| Untracked 
| 205|0x0000000633400000, 0x0000000633400000, 0x0000000633800000|  0%| F|  |TAMS 0x0000000633400000, 0x0000000633400000| Untracked 
| 206|0x0000000633800000, 0x0000000633800000, 0x0000000633c00000|  0%| F|  |TAMS 0x0000000633800000, 0x0000000633800000| Untracked 
| 207|0x0000000633c00000, 0x0000000633c00000, 0x0000000634000000|  0%| F|  |TAMS 0x0000000633c00000, 0x0000000633c00000| Untracked 
| 208|0x0000000634000000, 0x0000000634000000, 0x0000000634400000|  0%| F|  |TAMS 0x0000000634000000, 0x0000000634000000| Untracked 
| 209|0x0000000634400000, 0x0000000634400000, 0x0000000634800000|  0%| F|  |TAMS 0x0000000634400000, 0x0000000634400000| Untracked 
| 210|0x0000000634800000, 0x0000000634800000, 0x0000000634c00000|  0%| F|  |TAMS 0x0000000634800000, 0x0000000634800000| Untracked 
| 211|0x0000000634c00000, 0x0000000634c00000, 0x0000000635000000|  0%| F|  |TAMS 0x0000000634c00000, 0x0000000634c00000| Untracked 
| 212|0x0000000635000000, 0x0000000635000000, 0x0000000635400000|  0%| F|  |TAMS 0x0000000635000000, 0x0000000635000000| Untracked 
| 213|0x0000000635400000, 0x0000000635400000, 0x0000000635800000|  0%| F|  |TAMS 0x0000000635400000, 0x0000000635400000| Untracked 
| 214|0x0000000635800000, 0x0000000635800000, 0x0000000635c00000|  0%| F|  |TAMS 0x0000000635800000, 0x0000000635800000| Untracked 
| 215|0x0000000635c00000, 0x0000000635c00000, 0x0000000636000000|  0%| F|  |TAMS 0x0000000635c00000, 0x0000000635c00000| Untracked 
| 216|0x0000000636000000, 0x0000000636000000, 0x0000000636400000|  0%| F|  |TAMS 0x0000000636000000, 0x0000000636000000| Untracked 
| 217|0x0000000636400000, 0x0000000636400000, 0x0000000636800000|  0%| F|  |TAMS 0x0000000636400000, 0x0000000636400000| Untracked 
| 218|0x0000000636800000, 0x0000000636800000, 0x0000000636c00000|  0%| F|  |TAMS 0x0000000636800000, 0x0000000636800000| Untracked 
| 219|0x0000000636c00000, 0x0000000636c00000, 0x0000000637000000|  0%| F|  |TAMS 0x0000000636c00000, 0x0000000636c00000| Untracked 
| 220|0x0000000637000000, 0x0000000637000000, 0x0000000637400000|  0%| F|  |TAMS 0x0000000637000000, 0x0000000637000000| Untracked 
| 221|0x0000000637400000, 0x0000000637400000, 0x0000000637800000|  0%| F|  |TAMS 0x0000000637400000, 0x0000000637400000| Untracked 
| 222|0x0000000637800000, 0x0000000637800000, 0x0000000637c00000|  0%| F|  |TAMS 0x0000000637800000, 0x0000000637800000| Untracked 
| 223|0x0000000637c00000, 0x0000000637c00000, 0x0000000638000000|  0%| F|  |TAMS 0x0000000637c00000, 0x0000000637c00000| Untracked 
| 224|0x0000000638000000, 0x0000000638000000, 0x0000000638400000|  0%| F|  |TAMS 0x0000000638000000, 0x0000000638000000| Untracked 
| 225|0x0000000638400000, 0x0000000638400000, 0x0000000638800000|  0%| F|  |TAMS 0x0000000638400000, 0x0000000638400000| Untracked 
| 226|0x0000000638800000, 0x0000000638800000, 0x0000000638c00000|  0%| F|  |TAMS 0x0000000638800000, 0x0000000638800000| Untracked 
| 227|0x0000000638c00000, 0x0000000638c00000, 0x0000000639000000|  0%| F|  |TAMS 0x0000000638c00000, 0x0000000638c00000| Untracked 
| 228|0x0000000639000000, 0x0000000639000000, 0x0000000639400000|  0%| F|  |TAMS 0x0000000639000000, 0x0000000639000000| Untracked 
| 229|0x0000000639400000, 0x0000000639400000, 0x0000000639800000|  0%| F|  |TAMS 0x0000000639400000, 0x0000000639400000| Untracked 
| 230|0x0000000639800000, 0x0000000639800000, 0x0000000639c00000|  0%| F|  |TAMS 0x0000000639800000, 0x0000000639800000| Untracked 
| 231|0x0000000639c00000, 0x0000000639c00000, 0x000000063a000000|  0%| F|  |TAMS 0x0000000639c00000, 0x0000000639c00000| Untracked 
| 232|0x000000063a000000, 0x000000063a000000, 0x000000063a400000|  0%| F|  |TAMS 0x000000063a000000, 0x000000063a000000| Untracked 
| 233|0x000000063a400000, 0x000000063a400000, 0x000000063a800000|  0%| F|  |TAMS 0x000000063a400000, 0x000000063a400000| Untracked 
| 234|0x000000063a800000, 0x000000063a800000, 0x000000063ac00000|  0%| F|  |TAMS 0x000000063a800000, 0x000000063a800000| Untracked 
| 235|0x000000063ac00000, 0x000000063ac00000, 0x000000063b000000|  0%| F|  |TAMS 0x000000063ac00000, 0x000000063ac00000| Untracked 
| 236|0x000000063b000000, 0x000000063b000000, 0x000000063b400000|  0%| F|  |TAMS 0x000000063b000000, 0x000000063b000000| Untracked 
| 237|0x000000063b400000, 0x000000063b400000, 0x000000063b800000|  0%| F|  |TAMS 0x000000063b400000, 0x000000063b400000| Untracked 
| 238|0x000000063b800000, 0x000000063b800000, 0x000000063bc00000|  0%| F|  |TAMS 0x000000063b800000, 0x000000063b800000| Untracked 
| 239|0x000000063bc00000, 0x000000063bc00000, 0x000000063c000000|  0%| F|  |TAMS 0x000000063bc00000, 0x000000063bc00000| Untracked 
| 240|0x000000063c000000, 0x000000063c000000, 0x000000063c400000|  0%| F|  |TAMS 0x000000063c000000, 0x000000063c000000| Untracked 
| 241|0x000000063c400000, 0x000000063c400000, 0x000000063c800000|  0%| F|  |TAMS 0x000000063c400000, 0x000000063c400000| Untracked 
| 242|0x000000063c800000, 0x000000063c800000, 0x000000063cc00000|  0%| F|  |TAMS 0x000000063c800000, 0x000000063c800000| Untracked 
| 243|0x000000063cc00000, 0x000000063cc00000, 0x000000063d000000|  0%| F|  |TAMS 0x000000063cc00000, 0x000000063cc00000| Untracked 
| 244|0x000000063d000000, 0x000000063d000000, 0x000000063d400000|  0%| F|  |TAMS 0x000000063d000000, 0x000000063d000000| Untracked 
| 245|0x000000063d400000, 0x000000063d400000, 0x000000063d800000|  0%| F|  |TAMS 0x000000063d400000, 0x000000063d400000| Untracked 
| 246|0x000000063d800000, 0x000000063d800000, 0x000000063dc00000|  0%| F|  |TAMS 0x000000063d800000, 0x000000063d800000| Untracked 
| 247|0x000000063dc00000, 0x000000063dc00000, 0x000000063e000000|  0%| F|  |TAMS 0x000000063dc00000, 0x000000063dc00000| Untracked 
| 248|0x000000063e000000, 0x000000063e000000, 0x000000063e400000|  0%| F|  |TAMS 0x000000063e000000, 0x000000063e000000| Untracked 
| 249|0x000000063e400000, 0x000000063e400000, 0x000000063e800000|  0%| F|  |TAMS 0x000000063e400000, 0x000000063e400000| Untracked 
| 250|0x000000063e800000, 0x000000063e800000, 0x000000063ec00000|  0%| F|  |TAMS 0x000000063e800000, 0x000000063e800000| Untracked 
| 251|0x000000063ec00000, 0x000000063ec00000, 0x000000063f000000|  0%| F|  |TAMS 0x000000063ec00000, 0x000000063ec00000| Untracked 
| 252|0x000000063f000000, 0x000000063f000000, 0x000000063f400000|  0%| F|  |TAMS 0x000000063f000000, 0x000000063f000000| Untracked 
| 253|0x000000063f400000, 0x000000063f400000, 0x000000063f800000|  0%| F|  |TAMS 0x000000063f400000, 0x000000063f400000| Untracked 
| 254|0x000000063f800000, 0x000000063f800000, 0x000000063fc00000|  0%| F|  |TAMS 0x000000063f800000, 0x000000063f800000| Untracked 
| 255|0x000000063fc00000, 0x000000063fc00000, 0x0000000640000000|  0%| F|  |TAMS 0x000000063fc00000, 0x000000063fc00000| Untracked 
| 256|0x0000000640000000, 0x0000000640000000, 0x0000000640400000|  0%| F|  |TAMS 0x0000000640000000, 0x0000000640000000| Untracked 
| 257|0x0000000640400000, 0x0000000640400000, 0x0000000640800000|  0%| F|  |TAMS 0x0000000640400000, 0x0000000640400000| Untracked 
| 258|0x0000000640800000, 0x0000000640800000, 0x0000000640c00000|  0%| F|  |TAMS 0x0000000640800000, 0x0000000640800000| Untracked 
| 259|0x0000000640c00000, 0x0000000640c00000, 0x0000000641000000|  0%| F|  |TAMS 0x0000000640c00000, 0x0000000640c00000| Untracked 
| 260|0x0000000641000000, 0x0000000641000000, 0x0000000641400000|  0%| F|  |TAMS 0x0000000641000000, 0x0000000641000000| Untracked 
| 261|0x0000000641400000, 0x0000000641400000, 0x0000000641800000|  0%| F|  |TAMS 0x0000000641400000, 0x0000000641400000| Untracked 
| 262|0x0000000641800000, 0x0000000641800000, 0x0000000641c00000|  0%| F|  |TAMS 0x0000000641800000, 0x0000000641800000| Untracked 
| 263|0x0000000641c00000, 0x0000000641c00000, 0x0000000642000000|  0%| F|  |TAMS 0x0000000641c00000, 0x0000000641c00000| Untracked 
| 264|0x0000000642000000, 0x0000000642000000, 0x0000000642400000|  0%| F|  |TAMS 0x0000000642000000, 0x0000000642000000| Untracked 
| 265|0x0000000642400000, 0x0000000642400000, 0x0000000642800000|  0%| F|  |TAMS 0x0000000642400000, 0x0000000642400000| Untracked 
| 266|0x0000000642800000, 0x0000000642800000, 0x0000000642c00000|  0%| F|  |TAMS 0x0000000642800000, 0x0000000642800000| Untracked 
| 267|0x0000000642c00000, 0x0000000642c00000, 0x0000000643000000|  0%| F|  |TAMS 0x0000000642c00000, 0x0000000642c00000| Untracked 
| 268|0x0000000643000000, 0x0000000643000000, 0x0000000643400000|  0%| F|  |TAMS 0x0000000643000000, 0x0000000643000000| Untracked 
| 269|0x0000000643400000, 0x0000000643400000, 0x0000000643800000|  0%| F|  |TAMS 0x0000000643400000, 0x0000000643400000| Untracked 
| 270|0x0000000643800000, 0x0000000643800000, 0x0000000643c00000|  0%| F|  |TAMS 0x0000000643800000, 0x0000000643800000| Untracked 
| 271|0x0000000643c00000, 0x0000000643c00000, 0x0000000644000000|  0%| F|  |TAMS 0x0000000643c00000, 0x0000000643c00000| Untracked 
| 272|0x0000000644000000, 0x0000000644000000, 0x0000000644400000|  0%| F|  |TAMS 0x0000000644000000, 0x0000000644000000| Untracked 
| 273|0x0000000644400000, 0x0000000644400000, 0x0000000644800000|  0%| F|  |TAMS 0x0000000644400000, 0x0000000644400000| Untracked 
| 274|0x0000000644800000, 0x0000000644800000, 0x0000000644c00000|  0%| F|  |TAMS 0x0000000644800000, 0x0000000644800000| Untracked 
| 275|0x0000000644c00000, 0x0000000644c00000, 0x0000000645000000|  0%| F|  |TAMS 0x0000000644c00000, 0x0000000644c00000| Untracked 
| 276|0x0000000645000000, 0x0000000645000000, 0x0000000645400000|  0%| F|  |TAMS 0x0000000645000000, 0x0000000645000000| Untracked 
| 277|0x0000000645400000, 0x0000000645400000, 0x0000000645800000|  0%| F|  |TAMS 0x0000000645400000, 0x0000000645400000| Untracked 
| 278|0x0000000645800000, 0x0000000645800000, 0x0000000645c00000|  0%| F|  |TAMS 0x0000000645800000, 0x0000000645800000| Untracked 
| 279|0x0000000645c00000, 0x0000000645c00000, 0x0000000646000000|  0%| F|  |TAMS 0x0000000645c00000, 0x0000000645c00000| Untracked 
| 280|0x0000000646000000, 0x0000000646000000, 0x0000000646400000|  0%| F|  |TAMS 0x0000000646000000, 0x0000000646000000| Untracked 
| 281|0x0000000646400000, 0x0000000646400000, 0x0000000646800000|  0%| F|  |TAMS 0x0000000646400000, 0x0000000646400000| Untracked 
| 282|0x0000000646800000, 0x0000000646800000, 0x0000000646c00000|  0%| F|  |TAMS 0x0000000646800000, 0x0000000646800000| Untracked 
| 283|0x0000000646c00000, 0x0000000646c00000, 0x0000000647000000|  0%| F|  |TAMS 0x0000000646c00000, 0x0000000646c00000| Untracked 
| 284|0x0000000647000000, 0x0000000647000000, 0x0000000647400000|  0%| F|  |TAMS 0x0000000647000000, 0x0000000647000000| Untracked 
| 285|0x0000000647400000, 0x0000000647400000, 0x0000000647800000|  0%| F|  |TAMS 0x0000000647400000, 0x0000000647400000| Untracked 
| 286|0x0000000647800000, 0x0000000647800000, 0x0000000647c00000|  0%| F|  |TAMS 0x0000000647800000, 0x0000000647800000| Untracked 
| 287|0x0000000647c00000, 0x0000000647c00000, 0x0000000648000000|  0%| F|  |TAMS 0x0000000647c00000, 0x0000000647c00000| Untracked 
| 288|0x0000000648000000, 0x0000000648000000, 0x0000000648400000|  0%| F|  |TAMS 0x0000000648000000, 0x0000000648000000| Untracked 
| 289|0x0000000648400000, 0x0000000648400000, 0x0000000648800000|  0%| F|  |TAMS 0x0000000648400000, 0x0000000648400000| Untracked 
| 290|0x0000000648800000, 0x0000000648800000, 0x0000000648c00000|  0%| F|  |TAMS 0x0000000648800000, 0x0000000648800000| Untracked 
| 291|0x0000000648c00000, 0x0000000648c00000, 0x0000000649000000|  0%| F|  |TAMS 0x0000000648c00000, 0x0000000648c00000| Untracked 
| 292|0x0000000649000000, 0x0000000649000000, 0x0000000649400000|  0%| F|  |TAMS 0x0000000649000000, 0x0000000649000000| Untracked 
| 293|0x0000000649400000, 0x0000000649400000, 0x0000000649800000|  0%| F|  |TAMS 0x0000000649400000, 0x0000000649400000| Untracked 
| 294|0x0000000649800000, 0x0000000649800000, 0x0000000649c00000|  0%| F|  |TAMS 0x0000000649800000, 0x0000000649800000| Untracked 
| 295|0x0000000649c00000, 0x0000000649c00000, 0x000000064a000000|  0%| F|  |TAMS 0x0000000649c00000, 0x0000000649c00000| Untracked 
| 296|0x000000064a000000, 0x000000064a000000, 0x000000064a400000|  0%| F|  |TAMS 0x000000064a000000, 0x000000064a000000| Untracked 
| 297|0x000000064a400000, 0x000000064a400000, 0x000000064a800000|  0%| F|  |TAMS 0x000000064a400000, 0x000000064a400000| Untracked 
| 298|0x000000064a800000, 0x000000064a800000, 0x000000064ac00000|  0%| F|  |TAMS 0x000000064a800000, 0x000000064a800000| Untracked 
| 299|0x000000064ac00000, 0x000000064ac00000, 0x000000064b000000|  0%| F|  |TAMS 0x000000064ac00000, 0x000000064ac00000| Untracked 
| 300|0x000000064b000000, 0x000000064b000000, 0x000000064b400000|  0%| F|  |TAMS 0x000000064b000000, 0x000000064b000000| Untracked 
| 301|0x000000064b400000, 0x000000064b400000, 0x000000064b800000|  0%| F|  |TAMS 0x000000064b400000, 0x000000064b400000| Untracked 
| 302|0x000000064b800000, 0x000000064b800000, 0x000000064bc00000|  0%| F|  |TAMS 0x000000064b800000, 0x000000064b800000| Untracked 
| 303|0x000000064bc00000, 0x000000064bc00000, 0x000000064c000000|  0%| F|  |TAMS 0x000000064bc00000, 0x000000064bc00000| Untracked 
| 304|0x000000064c000000, 0x000000064c000000, 0x000000064c400000|  0%| F|  |TAMS 0x000000064c000000, 0x000000064c000000| Untracked 
| 305|0x000000064c400000, 0x000000064c400000, 0x000000064c800000|  0%| F|  |TAMS 0x000000064c400000, 0x000000064c400000| Untracked 
| 306|0x000000064c800000, 0x000000064c800000, 0x000000064cc00000|  0%| F|  |TAMS 0x000000064c800000, 0x000000064c800000| Untracked 
| 307|0x000000064cc00000, 0x000000064cc00000, 0x000000064d000000|  0%| F|  |TAMS 0x000000064cc00000, 0x000000064cc00000| Untracked 
| 308|0x000000064d000000, 0x000000064d000000, 0x000000064d400000|  0%| F|  |TAMS 0x000000064d000000, 0x000000064d000000| Untracked 
| 309|0x000000064d400000, 0x000000064d400000, 0x000000064d800000|  0%| F|  |TAMS 0x000000064d400000, 0x000000064d400000| Untracked 
| 310|0x000000064d800000, 0x000000064d800000, 0x000000064dc00000|  0%| F|  |TAMS 0x000000064d800000, 0x000000064d800000| Untracked 
| 311|0x000000064dc00000, 0x000000064dc00000, 0x000000064e000000|  0%| F|  |TAMS 0x000000064dc00000, 0x000000064dc00000| Untracked 
| 312|0x000000064e000000, 0x000000064e000000, 0x000000064e400000|  0%| F|  |TAMS 0x000000064e000000, 0x000000064e000000| Untracked 
| 313|0x000000064e400000, 0x000000064e400000, 0x000000064e800000|  0%| F|  |TAMS 0x000000064e400000, 0x000000064e400000| Untracked 
| 314|0x000000064e800000, 0x000000064e800000, 0x000000064ec00000|  0%| F|  |TAMS 0x000000064e800000, 0x000000064e800000| Untracked 
| 315|0x000000064ec00000, 0x000000064ec00000, 0x000000064f000000|  0%| F|  |TAMS 0x000000064ec00000, 0x000000064ec00000| Untracked 
| 316|0x000000064f000000, 0x000000064f000000, 0x000000064f400000|  0%| F|  |TAMS 0x000000064f000000, 0x000000064f000000| Untracked 
| 317|0x000000064f400000, 0x000000064f400000, 0x000000064f800000|  0%| F|  |TAMS 0x000000064f400000, 0x000000064f400000| Untracked 
| 318|0x000000064f800000, 0x000000064f800000, 0x000000064fc00000|  0%| F|  |TAMS 0x000000064f800000, 0x000000064f800000| Untracked 
| 319|0x000000064fc00000, 0x000000064fc00000, 0x0000000650000000|  0%| F|  |TAMS 0x000000064fc00000, 0x000000064fc00000| Untracked 
| 320|0x0000000650000000, 0x0000000650000000, 0x0000000650400000|  0%| F|  |TAMS 0x0000000650000000, 0x0000000650000000| Untracked 
| 321|0x0000000650400000, 0x0000000650400000, 0x0000000650800000|  0%| F|  |TAMS 0x0000000650400000, 0x0000000650400000| Untracked 
| 322|0x0000000650800000, 0x0000000650800000, 0x0000000650c00000|  0%| F|  |TAMS 0x0000000650800000, 0x0000000650800000| Untracked 
| 323|0x0000000650c00000, 0x0000000650c00000, 0x0000000651000000|  0%| F|  |TAMS 0x0000000650c00000, 0x0000000650c00000| Untracked 
| 324|0x0000000651000000, 0x0000000651000000, 0x0000000651400000|  0%| F|  |TAMS 0x0000000651000000, 0x0000000651000000| Untracked 
| 325|0x0000000651400000, 0x0000000651400000, 0x0000000651800000|  0%| F|  |TAMS 0x0000000651400000, 0x0000000651400000| Untracked 
| 326|0x0000000651800000, 0x0000000651800000, 0x0000000651c00000|  0%| F|  |TAMS 0x0000000651800000, 0x0000000651800000| Untracked 
| 327|0x0000000651c00000, 0x0000000651c00000, 0x0000000652000000|  0%| F|  |TAMS 0x0000000651c00000, 0x0000000651c00000| Untracked 
| 328|0x0000000652000000, 0x0000000652000000, 0x0000000652400000|  0%| F|  |TAMS 0x0000000652000000, 0x0000000652000000| Untracked 
| 329|0x0000000652400000, 0x0000000652400000, 0x0000000652800000|  0%| F|  |TAMS 0x0000000652400000, 0x0000000652400000| Untracked 
| 330|0x0000000652800000, 0x0000000652800000, 0x0000000652c00000|  0%| F|  |TAMS 0x0000000652800000, 0x0000000652800000| Untracked 
| 331|0x0000000652c00000, 0x0000000652c00000, 0x0000000653000000|  0%| F|  |TAMS 0x0000000652c00000, 0x0000000652c00000| Untracked 
| 332|0x0000000653000000, 0x0000000653000000, 0x0000000653400000|  0%| F|  |TAMS 0x0000000653000000, 0x0000000653000000| Untracked 
| 333|0x0000000653400000, 0x0000000653400000, 0x0000000653800000|  0%| F|  |TAMS 0x0000000653400000, 0x0000000653400000| Untracked 
| 334|0x0000000653800000, 0x0000000653800000, 0x0000000653c00000|  0%| F|  |TAMS 0x0000000653800000, 0x0000000653800000| Untracked 
| 335|0x0000000653c00000, 0x0000000653c00000, 0x0000000654000000|  0%| F|  |TAMS 0x0000000653c00000, 0x0000000653c00000| Untracked 
| 336|0x0000000654000000, 0x0000000654000000, 0x0000000654400000|  0%| F|  |TAMS 0x0000000654000000, 0x0000000654000000| Untracked 
| 337|0x0000000654400000, 0x0000000654400000, 0x0000000654800000|  0%| F|  |TAMS 0x0000000654400000, 0x0000000654400000| Untracked 
| 338|0x0000000654800000, 0x0000000654800000, 0x0000000654c00000|  0%| F|  |TAMS 0x0000000654800000, 0x0000000654800000| Untracked 
| 339|0x0000000654c00000, 0x0000000654c00000, 0x0000000655000000|  0%| F|  |TAMS 0x0000000654c00000, 0x0000000654c00000| Untracked 
| 340|0x0000000655000000, 0x0000000655000000, 0x0000000655400000|  0%| F|  |TAMS 0x0000000655000000, 0x0000000655000000| Untracked 
| 341|0x0000000655400000, 0x0000000655400000, 0x0000000655800000|  0%| F|  |TAMS 0x0000000655400000, 0x0000000655400000| Untracked 
| 342|0x0000000655800000, 0x0000000655800000, 0x0000000655c00000|  0%| F|  |TAMS 0x0000000655800000, 0x0000000655800000| Untracked 
| 343|0x0000000655c00000, 0x0000000655c00000, 0x0000000656000000|  0%| F|  |TAMS 0x0000000655c00000, 0x0000000655c00000| Untracked 
| 344|0x0000000656000000, 0x0000000656000000, 0x0000000656400000|  0%| F|  |TAMS 0x0000000656000000, 0x0000000656000000| Untracked 
| 345|0x0000000656400000, 0x0000000656400000, 0x0000000656800000|  0%| F|  |TAMS 0x0000000656400000, 0x0000000656400000| Untracked 
| 346|0x0000000656800000, 0x0000000656800000, 0x0000000656c00000|  0%| F|  |TAMS 0x0000000656800000, 0x0000000656800000| Untracked 
| 347|0x0000000656c00000, 0x0000000656c00000, 0x0000000657000000|  0%| F|  |TAMS 0x0000000656c00000, 0x0000000656c00000| Untracked 
| 348|0x0000000657000000, 0x0000000657000000, 0x0000000657400000|  0%| F|  |TAMS 0x0000000657000000, 0x0000000657000000| Untracked 
| 349|0x0000000657400000, 0x0000000657400000, 0x0000000657800000|  0%| F|  |TAMS 0x0000000657400000, 0x0000000657400000| Untracked 
| 350|0x0000000657800000, 0x0000000657800000, 0x0000000657c00000|  0%| F|  |TAMS 0x0000000657800000, 0x0000000657800000| Untracked 
| 351|0x0000000657c00000, 0x0000000657c00000, 0x0000000658000000|  0%| F|  |TAMS 0x0000000657c00000, 0x0000000657c00000| Untracked 
| 352|0x0000000658000000, 0x0000000658000000, 0x0000000658400000|  0%| F|  |TAMS 0x0000000658000000, 0x0000000658000000| Untracked 
| 353|0x0000000658400000, 0x0000000658400000, 0x0000000658800000|  0%| F|  |TAMS 0x0000000658400000, 0x0000000658400000| Untracked 
| 354|0x0000000658800000, 0x0000000658800000, 0x0000000658c00000|  0%| F|  |TAMS 0x0000000658800000, 0x0000000658800000| Untracked 

Card table byte_map: [0x0000022f2bb50000,0x0000022f2cb50000] _byte_map_base: 0x0000022f28b50000

Marking Bits (Prev, Next): (CMBitMap*) 0x0000022f02f6af70, (CMBitMap*) 0x0000022f02f6afb0
 Prev Bits: [0x0000022f2db50000, 0x0000022f35b50000)
 Next Bits: [0x0000022f35b50000, 0x0000022f3db50000)

Polling page: 0x0000022f00c60000

Metaspace:

Usage:
  Non-class:    152.76 MB used.
      Class:     22.93 MB used.
       Both:    175.69 MB used.

Virtual space:
  Non-class space:      192.00 MB reserved,     153.50 MB ( 80%) committed,  3 nodes.
      Class space:        1.00 GB reserved,      23.56 MB (  2%) committed,  1 nodes.
             Both:        1.19 GB reserved,     177.06 MB ( 15%) committed. 

Chunk freelists:
   Non-Class:  6.14 MB
       Class:  8.41 MB
        Both:  14.55 MB

MaxMetaspaceSize: 4.00 GB
CompressedClassSpaceSize: 1.00 GB
Initial GC threshold: 21.00 MB
Current GC threshold: 295.13 MB
CDS: on
MetaspaceReclaimPolicy: balanced
 - commit_granule_bytes: 65536.
 - commit_granule_words: 8192.
 - virtual_space_node_default_size: 8388608.
 - enlarge_chunks_in_place: 1.
 - new_chunks_are_fully_committed: 0.
 - uncommit_free_chunks: 1.
 - use_allocation_guard: 0.
 - handle_deallocations: 1.


Internal statistics:

num_allocs_failed_limit: 83.
num_arena_births: 2004.
num_arena_deaths: 14.
num_vsnodes_births: 4.
num_vsnodes_deaths: 0.
num_space_committed: 2833.
num_space_uncommitted: 0.
num_chunks_returned_to_freelist: 118.
num_chunks_taken_from_freelist: 9312.
num_chunk_merges: 85.
num_chunk_splits: 6640.
num_chunks_enlarged: 4798.
num_inconsistent_stats: 0.

CodeHeap 'non-profiled nmethods': size=259264Kb used=17444Kb max_used=17444Kb free=241819Kb
 bounds [0x0000022f1ad10000, 0x0000022f1be20000, 0x0000022f2aa40000]
CodeHeap 'profiled nmethods': size=259264Kb used=41423Kb max_used=41423Kb free=217840Kb
 bounds [0x0000022f0aa40000, 0x0000022f0d2c0000, 0x0000022f1a770000]
CodeHeap 'non-nmethods': size=5760Kb used=2006Kb max_used=2059Kb free=3753Kb
 bounds [0x0000022f1a770000, 0x0000022f1a9e0000, 0x0000022f1ad10000]
 total_blobs=22339 nmethods=21185 adapters=1066
 compilation: enabled
              stopped_count=0, restarted_count=0
 full_count=0

Compilation events (20 events):
Event: 377.457 Thread 0x0000022f3dd469f0 27677       3       org.gradle.internal.snapshot.AbstractIncompleteFileSystemNode::access$000 (6 bytes)
Event: 377.457 Thread 0x0000022f3dd469f0 nmethod 27677 0x0000022f0d2afa90 code [0x0000022f0d2afc80, 0x0000022f0d2b0188]
Event: 377.463 Thread 0x0000022f3dd469f0 27678       3       java.util.concurrent.atomic.AtomicReference::updateAndGet (54 bytes)
Event: 377.465 Thread 0x0000022f3dd469f0 nmethod 27678 0x0000022f0d2b0390 code [0x0000022f0d2b0660, 0x0000022f0d2b15d8]
Event: 377.803 Thread 0x0000022f3dd450d0 27679       4       org.objectweb.asm.ClassVisitor::visitTypeAnnotation (41 bytes)
Event: 377.805 Thread 0x0000022f3dd450d0 nmethod 27679 0x0000022f1be11710 code [0x0000022f1be118a0, 0x0000022f1be11998]
Event: 379.967 Thread 0x0000022f3dd450d0 27680       4       org.objectweb.asm.SymbolTable::addConstantLongOrDouble (109 bytes)
Event: 380.048 Thread 0x0000022f3dd450d0 nmethod 27680 0x0000022f1be11a90 code [0x0000022f1be11c60, 0x0000022f1be12e08]
Event: 380.774 Thread 0x0000022f3dd450d0 27681       4       java.nio.file.FileTreeWalker$DirectoryNode::<init> (30 bytes)
Event: 381.017 Thread 0x0000022f3dd450d0 nmethod 27681 0x0000022f1be13510 code [0x0000022f1be137c0, 0x0000022f1be161a0]
Event: 381.608 Thread 0x0000022f3dd450d0 27682       4       org.objectweb.asm.tree.MethodNode::visitIntInsn (17 bytes)
Event: 381.624 Thread 0x0000022f3dd450d0 nmethod 27682 0x0000022f1be16f10 code [0x0000022f1be170a0, 0x0000022f1be17658]
Event: 383.094 Thread 0x0000022f3dd469f0 27683   !   3       com.google.common.cache.LocalCache$Segment::get (210 bytes)
Event: 383.097 Thread 0x0000022f3dd469f0 nmethod 27683 0x0000022f0d2b1b90 code [0x0000022f0d2b1f80, 0x0000022f0d2b3858]
Event: 384.540 Thread 0x0000022f3dd450d0 27684       4       sun.nio.fs.WindowsPath::resolve (393 bytes)
Event: 384.566 Thread 0x0000022f3dd450d0 nmethod 27684 0x0000022f1be17790 code [0x0000022f1be17960, 0x0000022f1be18058]
Event: 384.566 Thread 0x0000022f3dd450d0 27685       4       com.google.common.collect.ImmutableSortedMap$1EntrySet$1::get (6 bytes)
Event: 384.590 Thread 0x0000022f3dd450d0 nmethod 27685 0x0000022f1be18510 code [0x0000022f1be186e0, 0x0000022f1be18db8]
Event: 385.147 Thread 0x0000022f3dd469f0 27686       3       org.objectweb.asm.tree.Util::asArrayList (60 bytes)
Event: 385.148 Thread 0x0000022f3dd469f0 nmethod 27686 0x0000022f0d2b4590 code [0x0000022f0d2b47e0, 0x0000022f0d2b5398]

GC Heap History (20 events):
Event: 314.506 GC heap after
{Heap after GC invocations=117 (full 0):
 garbage-first heap   total 1179648K, used 366038K [0x0000000600000000, 0x0000000800000000)
  region size 4096K, 16 young (65536K), 16 survivors (65536K)
 Metaspace       used 119725K, committed 121024K, reserved 1179648K
  class space    used 16321K, committed 16960K, reserved 1048576K
}
Event: 317.307 GC heap before
{Heap before GC invocations=117 (full 0):
 garbage-first heap   total 1179648K, used 992726K [0x0000000600000000, 0x0000000800000000)
  region size 4096K, 169 young (692224K), 16 survivors (65536K)
 Metaspace       used 119729K, committed 121024K, reserved 1179648K
  class space    used 16321K, committed 16960K, reserved 1048576K
}
Event: 317.404 GC heap after
{Heap after GC invocations=118 (full 0):
 garbage-first heap   total 1179648K, used 370359K [0x0000000600000000, 0x0000000800000000)
  region size 4096K, 12 young (49152K), 12 survivors (49152K)
 Metaspace       used 119729K, committed 121024K, reserved 1179648K
  class space    used 16321K, committed 16960K, reserved 1048576K
}
Event: 320.902 GC heap before
{Heap before GC invocations=118 (full 0):
 garbage-first heap   total 1179648K, used 1009335K [0x0000000600000000, 0x0000000800000000)
  region size 4096K, 168 young (688128K), 12 survivors (49152K)
 Metaspace       used 119729K, committed 121024K, reserved 1179648K
  class space    used 16321K, committed 16960K, reserved 1048576K
}
Event: 320.978 GC heap after
{Heap after GC invocations=119 (full 0):
 garbage-first heap   total 1179648K, used 374660K [0x0000000600000000, 0x0000000800000000)
  region size 4096K, 11 young (45056K), 11 survivors (45056K)
 Metaspace       used 119729K, committed 121024K, reserved 1179648K
  class space    used 16321K, committed 16960K, reserved 1048576K
}
Event: 336.744 GC heap before
{Heap before GC invocations=119 (full 0):
 garbage-first heap   total 1179648K, used 1013636K [0x0000000600000000, 0x0000000800000000)
  region size 4096K, 167 young (684032K), 11 survivors (45056K)
 Metaspace       used 145452K, committed 146816K, reserved 1179648K
  class space    used 19690K, committed 20352K, reserved 1048576K
}
Event: 336.893 GC heap after
{Heap after GC invocations=120 (full 0):
 garbage-first heap   total 1179648K, used 421292K [0x0000000600000000, 0x0000000800000000)
  region size 4096K, 21 young (86016K), 21 survivors (86016K)
 Metaspace       used 145452K, committed 146816K, reserved 1179648K
  class space    used 19690K, committed 20352K, reserved 1048576K
}
Event: 347.240 GC heap before
{Heap before GC invocations=120 (full 0):
 garbage-first heap   total 1179648K, used 671148K [0x0000000600000000, 0x0000000800000000)
  region size 4096K, 83 young (339968K), 21 survivors (86016K)
 Metaspace       used 170291K, committed 171648K, reserved 1245184K
  class space    used 22321K, committed 22976K, reserved 1048576K
}
Event: 347.418 GC heap after
{Heap after GC invocations=121 (full 0):
 garbage-first heap   total 1179648K, used 448914K [0x0000000600000000, 0x0000000800000000)
  region size 4096K, 7 young (28672K), 7 survivors (28672K)
 Metaspace       used 170291K, committed 171648K, reserved 1245184K
  class space    used 22321K, committed 22976K, reserved 1048576K
}
Event: 373.842 GC heap before
{Heap before GC invocations=122 (full 0):
 garbage-first heap   total 1179648K, used 969106K [0x0000000600000000, 0x0000000800000000)
  region size 4096K, 135 young (552960K), 7 survivors (28672K)
 Metaspace       used 179990K, committed 181312K, reserved 1245184K
  class space    used 23506K, committed 24128K, reserved 1048576K
}
Event: 373.924 GC heap after
{Heap after GC invocations=123 (full 0):
 garbage-first heap   total 1179648K, used 470786K [0x0000000600000000, 0x0000000800000000)
  region size 4096K, 12 young (49152K), 12 survivors (49152K)
 Metaspace       used 179990K, committed 181312K, reserved 1245184K
  class space    used 23506K, committed 24128K, reserved 1048576K
}
Event: 373.955 GC heap before
{Heap before GC invocations=123 (full 0):
 garbage-first heap   total 1179648K, used 478978K [0x0000000600000000, 0x0000000800000000)
  region size 4096K, 14 young (57344K), 12 survivors (49152K)
 Metaspace       used 179990K, committed 181312K, reserved 1245184K
  class space    used 23506K, committed 24128K, reserved 1048576K
}
Event: 374.060 GC heap after
{Heap after GC invocations=124 (full 0):
 garbage-first heap   total 1179648K, used 471040K [0x0000000600000000, 0x0000000800000000)
  region size 4096K, 2 young (8192K), 2 survivors (8192K)
 Metaspace       used 179990K, committed 181312K, reserved 1245184K
  class space    used 23506K, committed 24128K, reserved 1048576K
}
Event: 377.010 GC heap before
{Heap before GC invocations=124 (full 0):
 garbage-first heap   total 1179648K, used 978944K [0x0000000600000000, 0x0000000800000000)
  region size 4096K, 126 young (516096K), 2 survivors (8192K)
 Metaspace       used 179990K, committed 181312K, reserved 1245184K
  class space    used 23506K, committed 24128K, reserved 1048576K
}
Event: 377.051 GC heap after
{Heap after GC invocations=125 (full 0):
 garbage-first heap   total 1179648K, used 483016K [0x0000000600000000, 0x0000000800000000)
  region size 4096K, 5 young (20480K), 5 survivors (20480K)
 Metaspace       used 179990K, committed 181312K, reserved 1245184K
  class space    used 23506K, committed 24128K, reserved 1048576K
}
Event: 380.654 GC heap before
{Heap before GC invocations=126 (full 0):
 garbage-first heap   total 1454080K, used 982728K [0x0000000600000000, 0x0000000800000000)
  region size 4096K, 127 young (520192K), 5 survivors (20480K)
 Metaspace       used 179907K, committed 181312K, reserved 1245184K
  class space    used 23478K, committed 24128K, reserved 1048576K
}
Event: 380.714 GC heap after
{Heap after GC invocations=127 (full 0):
 garbage-first heap   total 1454080K, used 489373K [0x0000000600000000, 0x0000000800000000)
  region size 4096K, 7 young (28672K), 7 survivors (28672K)
 Metaspace       used 179907K, committed 181312K, reserved 1245184K
  class space    used 23478K, committed 24128K, reserved 1048576K
}
Event: 380.876 GC heap before
{Heap before GC invocations=127 (full 0):
 garbage-first heap   total 1454080K, used 526237K [0x0000000600000000, 0x0000000800000000)
  region size 4096K, 17 young (69632K), 7 survivors (28672K)
 Metaspace       used 179907K, committed 181312K, reserved 1245184K
  class space    used 23478K, committed 24128K, reserved 1048576K
}
Event: 380.937 GC heap after
{Heap after GC invocations=128 (full 0):
 garbage-first heap   total 1454080K, used 472100K [0x0000000600000000, 0x0000000800000000)
  region size 4096K, 2 young (8192K), 2 survivors (8192K)
 Metaspace       used 179907K, committed 181312K, reserved 1245184K
  class space    used 23478K, committed 24128K, reserved 1048576K
}
Event: 385.198 GC heap before
{Heap before GC invocations=128 (full 0):
 garbage-first heap   total 1454080K, used 1209380K [0x0000000600000000, 0x0000000800000000)
  region size 4096K, 183 young (749568K), 2 survivors (8192K)
 Metaspace       used 179907K, committed 181312K, reserved 1245184K
  class space    used 23478K, committed 24128K, reserved 1048576K
}

Dll operation events (15 events):
Event: 0.036 Loaded shared library C:\Program Files\Eclipse Adoptium\jdk-17.0.19.10-hotspot\bin\java.dll
Event: 0.087 Loaded shared library C:\Program Files\Eclipse Adoptium\jdk-17.0.19.10-hotspot\bin\jsvml.dll
Event: 0.268 Loaded shared library C:\Program Files\Eclipse Adoptium\jdk-17.0.19.10-hotspot\bin\zip.dll
Event: 0.277 Loaded shared library C:\Program Files\Eclipse Adoptium\jdk-17.0.19.10-hotspot\bin\instrument.dll
Event: 0.290 Loaded shared library C:\Program Files\Eclipse Adoptium\jdk-17.0.19.10-hotspot\bin\net.dll
Event: 0.295 Loaded shared library C:\Program Files\Eclipse Adoptium\jdk-17.0.19.10-hotspot\bin\nio.dll
Event: 0.304 Loaded shared library C:\Program Files\Eclipse Adoptium\jdk-17.0.19.10-hotspot\bin\zip.dll
Event: 1.132 Loaded shared library C:\Program Files\Eclipse Adoptium\jdk-17.0.19.10-hotspot\bin\jimage.dll
Event: 1.921 Loaded shared library C:\Program Files\Eclipse Adoptium\jdk-17.0.19.10-hotspot\bin\verify.dll
Event: 2.035 Loaded shared library C:\Users\user\.gradle\native\1def1411415f61bf3af743bc5b6707747c0891f09f0c88961ee8f79bc544acac\windows-amd64\native-platform.dll
Event: 2.083 Loaded shared library C:\Users\user\.gradle\native\0.2.8\x86_64-windows-gnu\gradle-fileevents.dll
Event: 5.865 Loaded shared library C:\Program Files\Eclipse Adoptium\jdk-17.0.19.10-hotspot\bin\management.dll
Event: 5.873 Loaded shared library C:\Program Files\Eclipse Adoptium\jdk-17.0.19.10-hotspot\bin\management_ext.dll
Event: 6.402 Loaded shared library C:\Program Files\Eclipse Adoptium\jdk-17.0.19.10-hotspot\bin\extnet.dll
Event: 7.024 Loaded shared library C:\Program Files\Eclipse Adoptium\jdk-17.0.19.10-hotspot\bin\sunmscapi.dll

Deoptimization events (20 events):
Event: 372.138 Thread 0x0000022f866e1cf0 DEOPT PACKING pc=0x0000022f0c7e0d4c sp=0x00000085babff4a0
Event: 372.138 Thread 0x0000022f866e1cf0 DEOPT UNPACKING pc=0x0000022f1a7c7125 sp=0x00000085babfe960 mode 0
Event: 372.141 Thread 0x0000022f866e68e0 DEOPT PACKING pc=0x0000022f0c7e0d4c sp=0x00000085bacff520
Event: 372.141 Thread 0x0000022f866e68e0 DEOPT UNPACKING pc=0x0000022f1a7c7125 sp=0x00000085bacfe9e0 mode 0
Event: 372.145 Thread 0x0000022f866e3130 DEOPT PACKING pc=0x0000022f0c7e0d4c sp=0x00000085baaff560
Event: 372.145 Thread 0x0000022f866e3130 DEOPT UNPACKING pc=0x0000022f1a7c7125 sp=0x00000085baafea20 mode 0
Event: 375.789 Thread 0x0000022f866e6df0 DEOPT PACKING pc=0x0000022f0c7e0d4c sp=0x00000085baffef10
Event: 375.790 Thread 0x0000022f866e6df0 DEOPT UNPACKING pc=0x0000022f1a7c7125 sp=0x00000085baffe3d0 mode 0
Event: 375.790 Thread 0x0000022f866e3640 DEOPT PACKING pc=0x0000022f0c7e0d4c sp=0x00000085badff5a0
Event: 375.790 Thread 0x0000022f866e3640 DEOPT UNPACKING pc=0x0000022f1a7c7125 sp=0x00000085badfea60 mode 0
Event: 375.792 Thread 0x0000022f873d00c0 DEOPT PACKING pc=0x0000022f0c7e0d4c sp=0x00000085bbcff3b0
Event: 375.792 Thread 0x0000022f873d00c0 DEOPT UNPACKING pc=0x0000022f1a7c7125 sp=0x00000085bbcfe870 mode 0
Event: 375.947 Thread 0x0000022f866e3640 Uncommon trap: trap_request=0xffffff45 fr.pc=0x0000022f1b0d9888 relative=0x0000000000000368
Event: 375.947 Thread 0x0000022f866e3640 Uncommon trap: reason=unstable_if action=reinterpret pc=0x0000022f1b0d9888 method=java.util.concurrent.ConcurrentLinkedQueue.offer(Ljava/lang/Object;)Z @ 42 c2
Event: 375.947 Thread 0x0000022f873d3360 Uncommon trap: trap_request=0xffffff45 fr.pc=0x0000022f1bbf7320 relative=0x0000000000001660
Event: 375.947 Thread 0x0000022f873d3360 Uncommon trap: reason=unstable_if action=reinterpret pc=0x0000022f1bbf7320 method=java.util.concurrent.ConcurrentHashMap.initTable()[Ljava/util/concurrent/ConcurrentHashMap$Node; @ 20 c2
Event: 375.947 Thread 0x0000022f866e3640 DEOPT PACKING pc=0x0000022f1b0d9888 sp=0x00000085badfba60
Event: 375.947 Thread 0x0000022f873d3360 DEOPT PACKING pc=0x0000022f1bbf7320 sp=0x00000085b97f5100
Event: 375.947 Thread 0x0000022f866e3640 DEOPT UNPACKING pc=0x0000022f1a7c699e sp=0x00000085badfb998 mode 2
Event: 375.947 Thread 0x0000022f873d3360 DEOPT UNPACKING pc=0x0000022f1a7c699e sp=0x00000085b97f5010 mode 2

Classes loaded (20 events):
Event: 336.899 Loading class sun/security/ssl/Alert$Level
Event: 336.899 Loading class sun/security/ssl/Alert$Level done
Event: 337.872 Loading class java/text/StringCharacterIterator
Event: 337.872 Loading class java/text/CharacterIterator
Event: 337.873 Loading class java/text/CharacterIterator done
Event: 337.873 Loading class java/text/StringCharacterIterator done
Event: 338.509 Loading class java/util/PriorityQueue
Event: 338.511 Loading class java/util/PriorityQueue done
Event: 340.877 Loading class java/util/EnumMap$EntrySet
Event: 340.878 Loading class java/util/EnumMap$EntrySet done
Event: 340.878 Loading class java/util/EnumMap$EntryIterator
Event: 340.878 Loading class java/util/EnumMap$EnumMapIterator
Event: 340.879 Loading class java/util/EnumMap$EnumMapIterator done
Event: 340.879 Loading class java/util/EnumMap$EntryIterator done
Event: 340.879 Loading class java/util/EnumMap$EntryIterator$Entry
Event: 340.879 Loading class java/util/EnumMap$EntryIterator$Entry done
Event: 343.372 Loading class java/text/MessageFormat
Event: 343.373 Loading class java/text/MessageFormat done
Event: 343.573 Loading class java/text/ChoiceFormat
Event: 343.574 Loading class java/text/ChoiceFormat done

Classes unloaded (20 events):
Event: 378.887 Thread 0x0000022f3dd173f0 Unloading class 0x0000022f43099388 '_BuildScript_$_run_closure2$_closure6$_closure7$_closure8'
Event: 378.887 Thread 0x0000022f3dd173f0 Unloading class 0x0000022f43098fa0 '_BuildScript_$_run_closure2$_closure6$_closure7'
Event: 378.887 Thread 0x0000022f3dd173f0 Unloading class 0x0000022f43098bb8 '_BuildScript_$_run_closure2$_closure6'
Event: 378.887 Thread 0x0000022f3dd173f0 Unloading class 0x0000022f430987d0 '_BuildScript_$_run_closure2'
Event: 378.887 Thread 0x0000022f3dd173f0 Unloading class 0x0000022f430983e8 '_BuildScript_$_run_closure1$_closure5'
Event: 378.887 Thread 0x0000022f3dd173f0 Unloading class 0x0000022f43098000 '_BuildScript_$_run_closure1'
Event: 378.888 Thread 0x0000022f3dd173f0 Unloading class 0x0000022f43097800 '_BuildScript_'
Event: 378.888 Thread 0x0000022f3dd173f0 Unloading class 0x0000022f43094c00 '_BuildScript_$_run_closure1$_closure3'
Event: 378.888 Thread 0x0000022f3dd173f0 Unloading class 0x0000022f430958e0 '_BuildScript_$_run_closure1$_closure2'
Event: 378.888 Thread 0x0000022f3dd173f0 Unloading class 0x0000022f430954f8 '_BuildScript_$_run_closure1'
Event: 378.888 Thread 0x0000022f3dd173f0 Unloading class 0x0000022f43095000 '_BuildScript_'
Event: 378.888 Thread 0x0000022f3dd173f0 Unloading class 0x0000022f4308d388 '_BuildScript_$_run_closure2$_closure8'
Event: 378.888 Thread 0x0000022f3dd173f0 Unloading class 0x0000022f4308cfa0 '_BuildScript_$_run_closure2$_closure7'
Event: 378.888 Thread 0x0000022f3dd173f0 Unloading class 0x0000022f4308cbb8 '_BuildScript_$_run_closure2$_closure6'
Event: 378.888 Thread 0x0000022f3dd173f0 Unloading class 0x0000022f4308c7d0 '_BuildScript_$_run_closure2$_closure5'
Event: 378.888 Thread 0x0000022f3dd173f0 Unloading class 0x0000022f4308c3e8 '_BuildScript_$_run_closure2$_closure4'
Event: 378.888 Thread 0x0000022f3dd173f0 Unloading class 0x0000022f4308c000 '_BuildScript_$_run_closure2'
Event: 378.888 Thread 0x0000022f3dd173f0 Unloading class 0x0000022f4308b8e0 '_BuildScript_$_run_closure1$_closure3'
Event: 378.888 Thread 0x0000022f3dd173f0 Unloading class 0x0000022f4308b4f8 '_BuildScript_$_run_closure1'
Event: 378.888 Thread 0x0000022f3dd173f0 Unloading class 0x0000022f4308b000 '_BuildScript_'

Classes redefined (0 events):
No events

Internal exceptions (20 events):
Event: 376.684 Thread 0x0000022f873d00c0 Exception <a 'sun/nio/fs/WindowsException'{0x000000062d008ec0}> (0x000000062d008ec0) 
thrown [s\src\hotspot\share\prims\jni.cpp, line 516]
Event: 377.307 Thread 0x0000022f866e3640 Exception <a 'sun/nio/fs/WindowsException'{0x000000064549d2e8}> (0x000000064549d2e8) 
thrown [s\src\hotspot\share\prims\jni.cpp, line 516]
Event: 377.326 Thread 0x0000022f873d00c0 Exception <a 'sun/nio/fs/WindowsException'{0x000000064544c868}> (0x000000064544c868) 
thrown [s\src\hotspot\share\prims\jni.cpp, line 516]
Event: 377.548 Thread 0x0000022f873d00c0 Exception <a 'sun/nio/fs/WindowsException'{0x0000000642655f38}> (0x0000000642655f38) 
thrown [s\src\hotspot\share\prims\jni.cpp, line 516]
Event: 377.883 Thread 0x0000022f873d00c0 Exception <a 'sun/nio/fs/WindowsException'{0x000000063e63eb18}> (0x000000063e63eb18) 
thrown [s\src\hotspot\share\prims\jni.cpp, line 516]
Event: 378.330 Thread 0x0000022f873d00c0 Exception <a 'sun/nio/fs/WindowsException'{0x000000063a6670c8}> (0x000000063a6670c8) 
thrown [s\src\hotspot\share\prims\jni.cpp, line 516]
Event: 379.655 Thread 0x0000022f873d00c0 Exception <a 'sun/nio/fs/WindowsException'{0x0000000655805468}> (0x0000000655805468) 
thrown [s\src\hotspot\share\prims\jni.cpp, line 516]
Event: 381.023 Thread 0x0000022f873d00c0 Exception <a 'sun/nio/fs/WindowsException'{0x00000006586bddd8}> (0x00000006586bddd8) 
thrown [s\src\hotspot\share\prims\jni.cpp, line 516]
Event: 381.345 Thread 0x0000022f873d00c0 Exception <a 'sun/nio/fs/WindowsException'{0x000000065389ead0}> (0x000000065389ead0) 
thrown [s\src\hotspot\share\prims\jni.cpp, line 516]
Event: 381.506 Thread 0x0000022f873d00c0 Exception <a 'sun/nio/fs/WindowsException'{0x0000000651678cf8}> (0x0000000651678cf8) 
thrown [s\src\hotspot\share\prims\jni.cpp, line 516]
Event: 381.667 Thread 0x0000022f873d00c0 Exception <a 'sun/nio/fs/WindowsException'{0x000000064f113f08}> (0x000000064f113f08) 
thrown [s\src\hotspot\share\prims\jni.cpp, line 516]
Event: 381.883 Thread 0x0000022f873d00c0 Exception <a 'sun/nio/fs/WindowsException'{0x000000064cc75d48}> (0x000000064cc75d48) 
thrown [s\src\hotspot\share\prims\jni.cpp, line 516]
Event: 382.248 Thread 0x0000022f873d00c0 Exception <a 'sun/nio/fs/WindowsException'{0x000000064c76e1d8}> (0x000000064c76e1d8) 
thrown [s\src\hotspot\share\prims\jni.cpp, line 516]
Event: 382.997 Thread 0x0000022f873d00c0 Exception <a 'sun/nio/fs/WindowsException'{0x0000000643447af8}> (0x0000000643447af8) 
thrown [s\src\hotspot\share\prims\jni.cpp, line 516]
Event: 383.184 Thread 0x0000022f873d00c0 Exception <a 'sun/nio/fs/WindowsException'{0x0000000641508218}> (0x0000000641508218) 
thrown [s\src\hotspot\share\prims\jni.cpp, line 516]
Event: 383.346 Thread 0x0000022f873d00c0 Exception <a 'sun/nio/fs/WindowsException'{0x000000063ea1a148}> (0x000000063ea1a148) 
thrown [s\src\hotspot\share\prims\jni.cpp, line 516]
Event: 383.777 Thread 0x0000022f873d00c0 Exception <a 'sun/nio/fs/WindowsException'{0x00000006398f6860}> (0x00000006398f6860) 
thrown [s\src\hotspot\share\prims\jni.cpp, line 516]
Event: 384.375 Thread 0x0000022f873d00c0 Exception <a 'sun/nio/fs/WindowsException'{0x000000063669e3b0}> (0x000000063669e3b0) 
thrown [s\src\hotspot\share\prims\jni.cpp, line 516]
Event: 384.657 Thread 0x0000022f873d00c0 Exception <a 'sun/nio/fs/WindowsException'{0x0000000632c26bd0}> (0x0000000632c26bd0) 
thrown [s\src\hotspot\share\prims\jni.cpp, line 516]
Event: 385.140 Thread 0x0000022f873d00c0 Exception <a 'sun/nio/fs/WindowsException'{0x000000062e199010}> (0x000000062e199010) 
thrown [s\src\hotspot\share\prims\jni.cpp, line 516]

VM Operations (20 events):
Event: 377.052 Executing VM operation: G1CollectForAllocation done
Event: 378.052 Executing VM operation: Cleanup
Event: 378.052 Executing VM operation: Cleanup done
Event: 378.885 Executing VM operation: G1PauseRemark
Event: 379.243 Executing VM operation: G1PauseRemark done
Event: 380.053 Executing VM operation: G1PauseCleanup
Event: 380.094 Executing VM operation: G1PauseCleanup done
Event: 380.654 Executing VM operation: G1CollectForAllocation
Event: 380.714 Executing VM operation: G1CollectForAllocation done
Event: 380.875 Executing VM operation: G1CollectForAllocation
Event: 380.937 Executing VM operation: G1CollectForAllocation done
Event: 381.938 Executing VM operation: Cleanup
Event: 381.955 Executing VM operation: Cleanup done
Event: 383.956 Executing VM operation: Cleanup
Event: 383.957 Executing VM operation: Cleanup done
Event: 384.957 Executing VM operation: Cleanup
Event: 384.957 Executing VM operation: Cleanup done
Event: 385.198 Executing VM operation: G1CollectForAllocation
Event: 385.198 Executing VM operation: G1CollectForAllocation done
Event: 385.198 Executing VM operation: G1CollectForAllocation

Memory protections (0 events):
No events

Nmethod flushes (20 events):
Event: 358.825 Thread 0x0000022f3dd4c720 flushing  nmethod 0x0000022f0c45e610
Event: 358.825 Thread 0x0000022f3dd4c720 flushing  nmethod 0x0000022f0c4dbd10
Event: 358.827 Thread 0x0000022f3dd4c720 flushing  nmethod 0x0000022f0c5df990
Event: 358.827 Thread 0x0000022f3dd4c720 flushing  nmethod 0x0000022f0c5f1690
Event: 358.828 Thread 0x0000022f3dd4c720 flushing  nmethod 0x0000022f0c6e6110
Event: 358.829 Thread 0x0000022f3dd4c720 flushing  nmethod 0x0000022f0c72f510
Event: 358.830 Thread 0x0000022f3dd4c720 flushing  nmethod 0x0000022f0c7e8090
Event: 358.830 Thread 0x0000022f3dd4c720 flushing  nmethod 0x0000022f0c808c90
Event: 358.830 Thread 0x0000022f3dd4c720 flushing  nmethod 0x0000022f0c824990
Event: 358.833 Thread 0x0000022f3dd4c720 flushing  nmethod 0x0000022f0c9dd890
Event: 358.834 Thread 0x0000022f3dd4c720 flushing  nmethod 0x0000022f0cabbb90
Event: 358.835 Thread 0x0000022f3dd4c720 flushing  nmethod 0x0000022f0caeff90
Event: 358.836 Thread 0x0000022f3dd4c720 flushing  nmethod 0x0000022f0cb46d10
Event: 358.836 Thread 0x0000022f3dd4c720 flushing  nmethod 0x0000022f0cb48910
Event: 358.836 Thread 0x0000022f3dd4c720 flushing  nmethod 0x0000022f0cb81e90
Event: 358.836 Thread 0x0000022f3dd4c720 flushing  nmethod 0x0000022f0cba9710
Event: 358.837 Thread 0x0000022f3dd4c720 flushing  nmethod 0x0000022f0cc16090
Event: 358.839 Thread 0x0000022f3dd4c720 flushing  nmethod 0x0000022f0cd4c390
Event: 358.840 Thread 0x0000022f3dd4c720 flushing  nmethod 0x0000022f0cde3e10
Event: 358.840 Thread 0x0000022f3dd4c720 flushing  nmethod 0x0000022f0ce8cd90

Events (20 events):
Event: 144.328 Thread 0x0000022f3dd469f0 Thread added: 0x0000022f87c42010
Event: 145.715 Thread 0x0000022f87c42010 Thread exited: 0x0000022f87c42010
Event: 146.968 Thread 0x0000022f3dd450d0 Thread added: 0x0000022f87c44540
Event: 149.577 Thread 0x0000022f87c44540 Thread exited: 0x0000022f87c44540
Event: 165.663 Thread 0x0000022f3dd469f0 Thread added: 0x0000022f87c42010
Event: 166.076 Thread 0x0000022f87c42010 Thread exited: 0x0000022f87c42010
Event: 188.242 Thread 0x0000022f3dd450d0 Thread added: 0x0000022f88c04760
Event: 192.262 Thread 0x0000022f88c04760 Thread exited: 0x0000022f88c04760
Event: 200.618 Thread 0x0000022f3dd469f0 Thread added: 0x0000022f88c05200
Event: 201.523 Thread 0x0000022f88c05200 Thread exited: 0x0000022f88c05200
Event: 227.807 Thread 0x0000022f3dd469f0 Thread added: 0x0000022f88c05200
Event: 229.233 Thread 0x0000022f88c05200 Thread exited: 0x0000022f88c05200
Event: 230.019 Thread 0x0000022f3dd469f0 Thread added: 0x0000022f88c05200
Event: 231.493 Thread 0x0000022f88c05200 Thread exited: 0x0000022f88c05200
Event: 231.577 Thread 0x0000022f3dd469f0 Thread added: 0x0000022f88c05200
Event: 231.980 Thread 0x0000022f88c05200 Thread exited: 0x0000022f88c05200
Event: 330.492 Thread 0x0000022f3dd469f0 Thread added: 0x0000022f88dd8080
Event: 330.858 Thread 0x0000022f88dd8080 Thread exited: 0x0000022f88dd8080
Event: 331.140 Thread 0x0000022f3dd469f0 Thread added: 0x0000022f88dd20e0
Event: 333.204 Thread 0x0000022f88dd20e0 Thread exited: 0x0000022f88dd20e0


Dynamic libraries:
0x00007ff74da40000 - 0x00007ff74da4e000 	C:\Program Files\Eclipse Adoptium\jdk-17.0.19.10-hotspot\bin\java.exe
0x00007ffdc0940000 - 0x00007ffdc0b2f000 	C:\Windows\SYSTEM32\ntdll.dll
0x00007ffdbddd0000 - 0x00007ffdbde83000 	C:\Windows\System32\KERNEL32.DLL
0x00007ffdbce00000 - 0x00007ffdbd09e000 	C:\Windows\System32\KERNELBASE.dll
0x00007ffdbcc30000 - 0x00007ffdbcd2a000 	C:\Windows\System32\ucrtbase.dll
0x00007ffda8c10000 - 0x00007ffda8c2e000 	C:\Program Files\Eclipse Adoptium\jdk-17.0.19.10-hotspot\bin\VCRUNTIME140.dll
0x00007ffda8c30000 - 0x00007ffda8c48000 	C:\Program Files\Eclipse Adoptium\jdk-17.0.19.10-hotspot\bin\jli.dll
0x00007ffdbe920000 - 0x00007ffdbeab7000 	C:\Windows\System32\USER32.dll
0x00007ffdbcc10000 - 0x00007ffdbcc30000 	C:\Windows\System32\win32u.dll
0x00007ffdaf5f0000 - 0x00007ffdaf869000 	C:\Windows\WinSxS\amd64_microsoft.windows.common-controls_6595b64144ccf1df_6.0.17763.8880_none_de75f0f45346f6c4\COMCTL32.dll
0x00007ffdbde90000 - 0x00007ffdbdeb9000 	C:\Windows\System32\GDI32.dll
0x00007ffdbeac0000 - 0x00007ffdbeb5e000 	C:\Windows\System32\msvcrt.dll
0x00007ffdbca60000 - 0x00007ffdbcc0c000 	C:\Windows\System32\gdi32full.dll
0x00007ffdbcd30000 - 0x00007ffdbcdd0000 	C:\Windows\System32\msvcp_win.dll
0x00007ffdbe590000 - 0x00007ffdbe8bc000 	C:\Windows\System32\combase.dll
0x00007ffdc04a0000 - 0x00007ffdc05ba000 	C:\Windows\System32\RPCRT4.dll
0x00007ffdbd380000 - 0x00007ffdbd402000 	C:\Windows\System32\bcryptPrimitives.dll
0x00007ffdbeb60000 - 0x00007ffdbeb8e000 	C:\Windows\System32\IMM32.DLL
0x00007ffdb6bd0000 - 0x00007ffdb6bdc000 	C:\Program Files\Eclipse Adoptium\jdk-17.0.19.10-hotspot\bin\vcruntime140_1.dll
0x00007ffd90c30000 - 0x00007ffd90cbd000 	C:\Program Files\Eclipse Adoptium\jdk-17.0.19.10-hotspot\bin\msvcp140.dll
0x00007ffd6aef0000 - 0x00007ffd6bb5c000 	C:\Program Files\Eclipse Adoptium\jdk-17.0.19.10-hotspot\bin\server\jvm.dll
0x00007ffdc03f0000 - 0x00007ffdc0499000 	C:\Windows\System32\ADVAPI32.dll
0x00007ffdbdd20000 - 0x00007ffdbddc2000 	C:\Windows\System32\sechost.dll
0x00007ffdbcdd0000 - 0x00007ffdbcdf6000 	C:\Windows\System32\bcrypt.dll
0x00007ffdbc910000 - 0x00007ffdbc96d000 	C:\Windows\System32\POWRPROF.dll
0x00007ffdc0380000 - 0x00007ffdc03ed000 	C:\Windows\System32\WS2_32.dll
0x00007ffdb9910000 - 0x00007ffdb9934000 	C:\Windows\SYSTEM32\WINMM.dll
0x00007ffdb4070000 - 0x00007ffdb407a000 	C:\Windows\SYSTEM32\VERSION.dll
0x00007ffdb98e0000 - 0x00007ffdb990d000 	C:\Windows\SYSTEM32\WINMMBASE.dll
0x00007ffdbd2c0000 - 0x00007ffdbd30a000 	C:\Windows\System32\cfgmgr32.dll
0x00007ffdbc970000 - 0x00007ffdbc981000 	C:\Windows\System32\kernel.appcore.dll
0x00007ffdb6b90000 - 0x00007ffdb6b9a000 	C:\Program Files\Eclipse Adoptium\jdk-17.0.19.10-hotspot\bin\jimage.dll
0x00007ffdacc20000 - 0x00007ffdace0d000 	C:\Windows\SYSTEM32\DBGHELP.DLL
0x00007ffda92e0000 - 0x00007ffda930a000 	C:\Windows\SYSTEM32\dbgcore.DLL
0x00007ffdad690000 - 0x00007ffdad69e000 	C:\Program Files\Eclipse Adoptium\jdk-17.0.19.10-hotspot\bin\instrument.dll
0x00007ffd9ce40000 - 0x00007ffd9ce65000 	C:\Program Files\Eclipse Adoptium\jdk-17.0.19.10-hotspot\bin\java.dll
0x00007ffd8b990000 - 0x00007ffd8ba67000 	C:\Program Files\Eclipse Adoptium\jdk-17.0.19.10-hotspot\bin\jsvml.dll
0x00007ffdbed10000 - 0x00007ffdc0209000 	C:\Windows\System32\SHELL32.dll
0x00007ffdbec60000 - 0x00007ffdbed08000 	C:\Windows\System32\shcore.dll
0x00007ffdbd410000 - 0x00007ffdbdb59000 	C:\Windows\System32\windows.storage.dll
0x00007ffdbc8c0000 - 0x00007ffdbc8e3000 	C:\Windows\System32\profapi.dll
0x00007ffdbe8c0000 - 0x00007ffdbe916000 	C:\Windows\System32\shlwapi.dll
0x00007ffdbc990000 - 0x00007ffdbc9ab000 	C:\Windows\System32\cryptsp.dll
0x00007ffd998e0000 - 0x00007ffd998f8000 	C:\Program Files\Eclipse Adoptium\jdk-17.0.19.10-hotspot\bin\zip.dll
0x00007ffda8bf0000 - 0x00007ffda8c0a000 	C:\Program Files\Eclipse Adoptium\jdk-17.0.19.10-hotspot\bin\net.dll
0x00007ffdb0910000 - 0x00007ffdb0a0d000 	C:\Windows\SYSTEM32\WINHTTP.dll
0x00007ffdbc0d0000 - 0x00007ffdbc137000 	C:\Windows\system32\mswsock.dll
0x00007ffda0c00000 - 0x00007ffda0c16000 	C:\Program Files\Eclipse Adoptium\jdk-17.0.19.10-hotspot\bin\nio.dll
0x00007ffdb1c50000 - 0x00007ffdb1c60000 	C:\Program Files\Eclipse Adoptium\jdk-17.0.19.10-hotspot\bin\verify.dll
0x00007ffd928a0000 - 0x00007ffd928c7000 	C:\Users\user\.gradle\native\1def1411415f61bf3af743bc5b6707747c0891f09f0c88961ee8f79bc544acac\windows-amd64\native-platform.dll
0x00007ffd8d300000 - 0x00007ffd8d377000 	C:\Users\user\.gradle\native\0.2.8\x86_64-windows-gnu\gradle-fileevents.dll
0x00007ffdae5a0000 - 0x00007ffdae5aa000 	C:\Program Files\Eclipse Adoptium\jdk-17.0.19.10-hotspot\bin\management.dll
0x00007ffdad8b0000 - 0x00007ffdad8bc000 	C:\Program Files\Eclipse Adoptium\jdk-17.0.19.10-hotspot\bin\management_ext.dll
0x00007ffdbdec0000 - 0x00007ffdbdec8000 	C:\Windows\System32\PSAPI.DLL
0x00007ffdbbdc0000 - 0x00007ffdbbdfd000 	C:\Windows\SYSTEM32\IPHLPAPI.DLL
0x00007ffdc0900000 - 0x00007ffdc0908000 	C:\Windows\System32\NSI.dll
0x00007ffdb5230000 - 0x00007ffdb5246000 	C:\Windows\SYSTEM32\dhcpcsvc6.DLL
0x00007ffdb5170000 - 0x00007ffdb518c000 	C:\Windows\SYSTEM32\dhcpcsvc.DLL
0x00007ffdbbe00000 - 0x00007ffdbbec6000 	C:\Windows\SYSTEM32\DNSAPI.dll
0x00007ffdb18b0000 - 0x00007ffdb18b9000 	C:\Program Files\Eclipse Adoptium\jdk-17.0.19.10-hotspot\bin\extnet.dll
0x00007ffdbbbf0000 - 0x00007ffdbbc23000 	C:\Windows\system32\rsaenh.dll
0x00007ffdbc7c0000 - 0x00007ffdbc7e9000 	C:\Windows\SYSTEM32\USERENV.dll
0x00007ffdbc2d0000 - 0x00007ffdbc2dc000 	C:\Windows\SYSTEM32\CRYPTBASE.dll
0x00007ffdb1a70000 - 0x00007ffdb1a7e000 	C:\Program Files\Eclipse Adoptium\jdk-17.0.19.10-hotspot\bin\sunmscapi.dll
0x00007ffdbd0a0000 - 0x00007ffdbd2b6000 	C:\Windows\System32\CRYPT32.dll
0x00007ffdbc8f0000 - 0x00007ffdbc902000 	C:\Windows\System32\MSASN1.dll
0x00007ffdbc3d0000 - 0x00007ffdbc3fc000 	C:\Windows\SYSTEM32\ncrypt.dll
0x00007ffdbc390000 - 0x00007ffdbc3cc000 	C:\Windows\SYSTEM32\NTASN1.dll
0x00007ffdb1a40000 - 0x00007ffdb1a47000 	C:\Windows\system32\wshunix.dll
0x00007ffdb02f0000 - 0x00007ffdb02fa000 	C:\Windows\System32\rasadhlp.dll
0x00007ffdb3370000 - 0x00007ffdb33e9000 	C:\Windows\System32\fwpuclnt.dll

dbghelp: loaded successfully - version: 4.0.5 - missing functions: none
symbol engine: initialized successfully - sym options: 0x614 - pdb path: .;C:\Program Files\Eclipse Adoptium\jdk-17.0.19.10-hotspot\bin;C:\Windows\SYSTEM32;C:\Windows\WinSxS\amd64_microsoft.windows.common-controls_6595b64144ccf1df_6.0.17763.8880_none_de75f0f45346f6c4;C:\Program Files\Eclipse Adoptium\jdk-17.0.19.10-hotspot\bin\server;C:\Users\user\.gradle\native\1def1411415f61bf3af743bc5b6707747c0891f09f0c88961ee8f79bc544acac\windows-amd64;C:\Users\user\.gradle\native\0.2.8\x86_64-windows-gnu

VM Arguments:
jvm_args: --add-opens=java.base/java.lang=ALL-UNNAMED --add-opens=java.base/java.lang.invoke=ALL-UNNAMED --add-opens=java.base/java.util=ALL-UNNAMED --add-opens=java.prefs/java.util.prefs=ALL-UNNAMED --add-exports=jdk.compiler/com.sun.tools.javac.api=ALL-UNNAMED --add-exports=jdk.compiler/com.sun.tools.javac.util=ALL-UNNAMED --add-opens=java.base/java.util=ALL-UNNAMED --add-opens=java.prefs/java.util.prefs=ALL-UNNAMED --add-opens=java.base/java.nio.charset=ALL-UNNAMED --add-opens=java.base/java.net=ALL-UNNAMED --add-opens=java.base/java.util.concurrent=ALL-UNNAMED --add-opens=java.base/java.util.concurrent.atomic=ALL-UNNAMED --add-opens=java.xml/javax.xml.namespace=ALL-UNNAMED --add-opens=java.base/java.time=ALL-UNNAMED -XX:MaxMetaspaceSize=4G -XX:ReservedCodeCacheSize=512m -XX:+HeapDumpOnOutOfMemoryError -Xmx8G -Dfile.encoding=windows-1251 -Duser.country=RU -Duser.language=ru -Duser.variant -javaagent:C:\Users\user\.gradle\wrapper\dists\gradle-9.1.0-bin\9agqghryom9wkf8r80qlhnts3\gradle-9.1.0\lib\agents\gradle-instrumentation-agent-9.1.0.jar 
java_command: org.gradle.launcher.daemon.bootstrap.GradleDaemon 9.1.0
java_class_path (initial): C:\Users\user\.gradle\wrapper\dists\gradle-9.1.0-bin\9agqghryom9wkf8r80qlhnts3\gradle-9.1.0\lib\gradle-daemon-main-9.1.0.jar
Launcher Type: SUN_STANDARD

[Global flags]
     intx CICompilerCount                          = 3                                         {product} {ergonomic}
     uint ConcGCThreads                            = 1                                         {product} {ergonomic}
     uint G1ConcRefinementThreads                  = 4                                         {product} {ergonomic}
   size_t G1HeapRegionSize                         = 4194304                                   {product} {ergonomic}
    uintx GCDrainStackTargetSize                   = 64                                        {product} {ergonomic}
     bool HeapDumpOnOutOfMemoryError               = true                                   {manageable} {command line}
   size_t InitialHeapSize                          = 67108864                                  {product} {ergonomic}
   size_t MarkStackSize                            = 4194304                                   {product} {ergonomic}
   size_t MaxHeapSize                              = 8589934592                                {product} {command line}
   size_t MaxMetaspaceSize                         = 4294967296                                {product} {command line}
   size_t MaxNewSize                               = 5150605312                                {product} {ergonomic}
   size_t MinHeapDeltaBytes                        = 4194304                                   {product} {ergonomic}
   size_t MinHeapSize                              = 8388608                                   {product} {ergonomic}
    uintx NonNMethodCodeHeapSize                   = 5832780                                {pd product} {ergonomic}
    uintx NonProfiledCodeHeapSize                  = 265519066                              {pd product} {ergonomic}
    uintx ProfiledCodeHeapSize                     = 265519066                              {pd product} {ergonomic}
    uintx ReservedCodeCacheSize                    = 536870912                              {pd product} {command line}
     bool SegmentedCodeCache                       = true                                      {product} {ergonomic}
   size_t SoftMaxHeapSize                          = 8589934592                             {manageable} {ergonomic}
   double SweeperThreshold                         = 0.234375                                  {product} {ergonomic}
     bool UseCompressedClassPointers               = true                           {product lp64_product} {ergonomic}
     bool UseCompressedOops                        = true                           {product lp64_product} {ergonomic}
     bool UseG1GC                                  = true                                      {product} {ergonomic}
     bool UseLargePagesIndividualAllocation        = false                                  {pd product} {ergonomic}

Logging:
Log output configuration:
 #0: stdout all=warning uptime,level,tags
 #1: stderr all=off uptime,level,tags

Environment Variables:
JAVA_HOME=C:\Program Files\Eclipse Adoptium\jdk-17.0.19.10-hotspot
CLASSPATH=c:\Users\user\Desktop\videovault-app\android\\gradle\wrapper\gradle-wrapper.jar
PATH=C:\Program Files\Eclipse Adoptium\jdk-17.0.19.10-hotspot\bin;C:\Program Files\Eclipse Adoptium\jdk-21.0.11.10-hotspot\bin;C:\Program Files\Microsoft\jdk-17.0.10.7-hotspot\bin;C:\Program Files (x86)\Common Files\Oracle\Java\java8path;C:\Program Files (x86)\Common Files\Oracle\Java\javapath;C:\Users\user\Desktop\Scripts\;C:\Windows\system32;C:\Windows;C:\Windows\System32\Wbem;C:\Windows\System32\WindowsPowerShell\v1.0\;C:\Windows\System32\OpenSSH\;C:\Users\user\Desktop\python\Scripts;C:\Users\user\AppData\Local\Programs\Python\Python36\Scripts;C:\Users\user\AppData\Local\Programs\Python\Python36\;C:\Program Files\Git\cmd;C:\Program Files\nodejs\;C:\AndroidSDK\cmdline-tools\latest\bin;C:\AndroidSDK\platform-tools;C:\Users\user\AppData\Local\Programs\Python\Python313\Scripts\;C:\Users\user\AppData\Local\Programs\Python\Python313\;PATH%;C:\Users\user\Desktop\nodejs;C:\Users\user\AppData\Local\Programs\Microsoft VS Code\bin;C:\Users\user\AppData\Roaming\npm;C:\Android\cmdline-tools\latest\bin;C:\Android\platform-tools;C:\flutr\flutter\bin;
USERNAME=user
OS=Windows_NT
PROCESSOR_IDENTIFIER=Intel64 Family 6 Model 55 Stepping 8, GenuineIntel
TMP=C:\Users\user\AppData\Local\Temp
TEMP=C:\Users\user\AppData\Local\Temp



Periodic native trim disabled


---------------  S Y S T E M  ---------------

OS:
 Windows 10 , 64 bit Build 17763 (10.0.17763.8755)
OS uptime: 0 days 14:02 hours

CPU: total 4 (initial active 4) (4 cores per cpu, 1 threads per core) family 6 model 55 stepping 8 microcode 0x838, cx8, cmov, fxsr, mmx, 3dnowpref, sse, sse2, sse3, ssse3, sse4.1, sse4.2, popcnt, tsc, tscinvbit, erms, clmul, clflush
Processor Information for all 4 processors :
  Max Mhz: 2408, Current Mhz: 2408, Mhz Limit: 2408

Memory: 4k page, system-wide physical 3978M (262M free)
TotalPageFile size 16266M (AvailPageFile size 1699M)
current process WorkingSet (physical memory assigned to process): 1603M, peak: 1691M
current process commit charge ("private bytes"): 1935M, peak: 4619M

vm_info: OpenJDK 64-Bit Server VM (17.0.19+10) for windows-amd64 JRE (17.0.19+10), built on Apr 25 2026 08:04:44 by "admin" with MS VC++ 17.12 (VS2022)

END.
