#
# There is insufficient memory for the Java Runtime Environment to continue.
# Native memory allocation (mmap) failed to map 2625634304 bytes. Error detail: G1 virtual space
# Possible reasons:
#   The system is out of physical RAM or swap space
#   This process is running with CompressedOops enabled, and the Java Heap may be blocking the growth of the native heap
# Possible solutions:
#   Reduce memory load on the system
#   Increase physical memory or swap space
#   Check if swap backing store is full
#   Decrease Java heap size (-Xmx/-Xms)
#   Decrease number of Java threads
#   Decrease Java thread stack sizes (-Xss)
#   Set larger code cache with -XX:ReservedCodeCacheSize=
#   JVM is running with Zero Based Compressed Oops mode in which the Java heap is
#     placed in the first 32GB address space. The Java Heap base address is the
#     maximum limit for the native heap growth. Please use -XX:HeapBaseMinAddress
#     to set the Java Heap base and to place the Java Heap above 32GB virtual address.
# This output file may be truncated or incomplete.
#
#  Out of Memory Error (os_windows.cpp:3618), pid=14252, tid=13536
#
# JRE version: OpenJDK Runtime Environment Temurin-17.0.19+10 (17.0.19+10) (build 17.0.19+10)
# Java VM: OpenJDK 64-Bit Server VM Temurin-17.0.19+10 (17.0.19+10, mixed mode, sharing, tiered, compressed oops, compressed class ptrs, g1 gc, windows-amd64)
# No core dump will be written. Minidumps are not enabled by default on client versions of Windows
#

---------------  S U M M A R Y ------------

Command Line: --add-opens=java.base/java.lang=ALL-UNNAMED --add-opens=java.base/java.lang.invoke=ALL-UNNAMED --add-opens=java.base/java.util=ALL-UNNAMED --add-opens=java.prefs/java.util.prefs=ALL-UNNAMED --add-exports=jdk.compiler/com.sun.tools.javac.api=ALL-UNNAMED --add-exports=jdk.compiler/com.sun.tools.javac.util=ALL-UNNAMED --add-opens=java.base/java.util=ALL-UNNAMED --add-opens=java.prefs/java.util.prefs=ALL-UNNAMED --add-opens=java.base/java.nio.charset=ALL-UNNAMED --add-opens=java.base/java.net=ALL-UNNAMED --add-opens=java.base/java.util.concurrent=ALL-UNNAMED --add-opens=java.base/java.util.concurrent.atomic=ALL-UNNAMED --add-opens=java.xml/javax.xml.namespace=ALL-UNNAMED --add-opens=java.base/java.time=ALL-UNNAMED -XX:MaxMetaspaceSize=4G -XX:ReservedCodeCacheSize=512m -XX:+HeapDumpOnOutOfMemoryError -Xmx8G -Dfile.encoding=windows-1251 -Duser.country=RU -Duser.language=ru -Duser.variant -javaagent:C:\Users\user\.gradle\wrapper\dists\gradle-9.1.0-bin\9agqghryom9wkf8r80qlhnts3\gradle-9.1.0\lib\agents\gradle-instrumentation-agent-9.1.0.jar org.gradle.launcher.daemon.bootstrap.GradleDaemon 9.1.0

Host: Intel(R) Pentium(R) CPU  J2900  @ 2.41GHz, 4 cores, 3G,  Windows 10 , 64 bit Build 17763 (10.0.17763.8755)
Time: Tue Jul 14 23:34:58 2026 Финляндия (лето) elapsed time: 574.079133 seconds (0d 0h 9m 34s)

---------------  T H R E A D  ---------------

Current thread (0x000001cde57826b0):  VMThread "VM Thread" [stack: 0x0000005804f00000,0x0000005805000000] [id=13536]

Stack: [0x0000005804f00000,0x0000005805000000]
Native frames: (J=compiled Java code, j=interpreted, Vv=VM code, C=native code)
V  [jvm.dll+0x684b29]
V  [jvm.dll+0x83a2d5]
V  [jvm.dll+0x83bd4e]
V  [jvm.dll+0x83c3d3]
V  [jvm.dll+0x24905f]
V  [jvm.dll+0x6818e9]
V  [jvm.dll+0x6766ea]
V  [jvm.dll+0x3093b7]
V  [jvm.dll+0x3109a6]
V  [jvm.dll+0x360f1e]
V  [jvm.dll+0x36115d]
V  [jvm.dll+0x2e043c]
V  [jvm.dll+0x2de812]
V  [jvm.dll+0x2ddfac]
V  [jvm.dll+0x320c6b]
V  [jvm.dll+0x840bed]
V  [jvm.dll+0x841923]
V  [jvm.dll+0x841e4f]
V  [jvm.dll+0x842235]
V  [jvm.dll+0x8422fe]
V  [jvm.dll+0x7eaf1c]
V  [jvm.dll+0x6839f7]
C  [ucrtbase.dll+0x2268a]
C  [KERNEL32.DLL+0x17ac4]
C  [ntdll.dll+0x5a8c1]

VM_Operation (0x00000058080fb760): G1CollectForAllocation, mode: safepoint, requested by thread 0x000001ce303674a0


---------------  P R O C E S S  ---------------

Threads class SMR info:
_java_thread_list=0x000001ce331fd470, length=88, elements={
0x000001cda899fba0, 0x000001cde5785df0, 0x000001cde57866c0, 0x000001cde579ce00,
0x000001cde579d6d0, 0x000001cde579dfa0, 0x000001cde579e870, 0x000001cde57a2570,
0x000001cde57ab340, 0x000001cde57b69b0, 0x000001cde5772350, 0x000001ce2d1997c0,
0x000001ce2dfa6810, 0x000001ce2e0250f0, 0x000001ce2eaa10b0, 0x000001ce2e951c90,
0x000001ce2e9aa370, 0x000001ce2e9a9950, 0x000001ce2e9a8f30, 0x000001ce2e9a75e0,
0x000001ce2e9a9e60, 0x000001ce2e9a7af0, 0x000001ce2e9a70d0, 0x000001ce2e9a9440,
0x000001ce2e9aa880, 0x000001ce2e9a8000, 0x000001ce2e9a8a20, 0x000001ce2e9a8510,
0x000001ce3040fc90, 0x000001ce3040e850, 0x000001ce3040d920, 0x000001ce304101a0,
0x000001ce304106b0, 0x000001ce3040d410, 0x000001ce3040ed60, 0x000001ce3040de30,
0x000001ce3040e340, 0x000001ce3040f270, 0x000001ce3040f780, 0x000001ce303679b0,
0x000001ce30366a80, 0x000001ce3036c090, 0x000001ce30366f90, 0x000001ce3036c5a0,
0x000001ce303674a0, 0x000001ce3036cab0, 0x000001ce30366570, 0x000001ce3036cfc0,
0x000001ce3036b160, 0x000001ce3036d9e0, 0x000001ce30369300, 0x000001ce30369810,
0x000001ce30369d20, 0x000001ce3036a230, 0x000001ce3036a740, 0x000001ce3036def0,
0x000001ce3036b670, 0x000001ce3036d4d0, 0x000001ce3036bb80, 0x000001ce310f03e0,
0x000001ce310eefa0, 0x000001ce310f08f0, 0x000001ce310ef4b0, 0x000001ce310ee580,
0x000001ce310f4ac0, 0x000001ce310ef9c0, 0x000001ce310f0e00, 0x000001ce310eea90,
0x000001ce310f1310, 0x000001ce310f40a0, 0x000001ce310f1820, 0x000001ce50e69650,
0x000001ce50e65ea0, 0x000001ce50e64040, 0x000001ce4fa903b0, 0x000001ce4fa8ef70,
0x000001ce4fa954b0, 0x000001ce4fa94a90, 0x000001ce4fa94fa0, 0x000001ce4fa94070,
0x000001ce4fa92210, 0x000001ce4fa8f990, 0x000001ce4fa90dd0, 0x000001ce4fa93140,
0x000001ce4fa94580, 0x000001ce4fa8e040, 0x000001ce4fa908c0, 0x000001ce310ed650
}

Java Threads: ( => current thread )
  0x000001cda899fba0 JavaThread "main" [_thread_blocked, id=14132, stack(0x0000005804900000,0x0000005804a00000)]
  0x000001cde5785df0 JavaThread "Reference Handler" daemon [_thread_blocked, id=10832, stack(0x0000005805000000,0x0000005805100000)]
  0x000001cde57866c0 JavaThread "Finalizer" daemon [_thread_blocked, id=5812, stack(0x0000005805100000,0x0000005805200000)]
  0x000001cde579ce00 JavaThread "Signal Dispatcher" daemon [_thread_blocked, id=13444, stack(0x0000005805200000,0x0000005805300000)]
  0x000001cde579d6d0 JavaThread "Attach Listener" daemon [_thread_blocked, id=11404, stack(0x0000005805300000,0x0000005805400000)]
  0x000001cde579dfa0 JavaThread "Service Thread" daemon [_thread_blocked, id=14136, stack(0x0000005805400000,0x0000005805500000)]
  0x000001cde579e870 JavaThread "Monitor Deflation Thread" daemon [_thread_blocked, id=12412, stack(0x0000005805500000,0x0000005805600000)]
  0x000001cde57a2570 JavaThread "C2 CompilerThread0" daemon [_thread_blocked, id=2200, stack(0x0000005805600000,0x0000005805700000)]
  0x000001cde57ab340 JavaThread "C1 CompilerThread0" daemon [_thread_blocked, id=2292, stack(0x0000005805700000,0x0000005805800000)]
  0x000001cde57b69b0 JavaThread "Sweeper thread" daemon [_thread_blocked, id=11920, stack(0x0000005805800000,0x0000005805900000)]
  0x000001cde5772350 JavaThread "Common-Cleaner" daemon [_thread_blocked, id=10688, stack(0x0000005805900000,0x0000005805a00000)]
  0x000001ce2d1997c0 JavaThread "Notification Thread" daemon [_thread_blocked, id=8796, stack(0x0000005805b00000,0x0000005805c00000)]
  0x000001ce2dfa6810 JavaThread "Daemon health stats" [_thread_blocked, id=13796, stack(0x0000005806000000,0x0000005806100000)]
  0x000001ce2e0250f0 JavaThread "Incoming local TCP Connector on port 60528" [_thread_in_native, id=14232, stack(0x0000005806100000,0x0000005806200000)]
  0x000001ce2eaa10b0 JavaThread "Daemon periodic checks" [_thread_blocked, id=3480, stack(0x0000005806200000,0x0000005806300000)]
  0x000001ce2e951c90 JavaThread "Daemon" [_thread_blocked, id=12572, stack(0x0000005806300000,0x0000005806400000)]
  0x000001ce2e9aa370 JavaThread "Handler for socket connection from /127.0.0.1:60528 to /127.0.0.1:60529" [_thread_in_native, id=8308, stack(0x0000005806400000,0x0000005806500000)]
  0x000001ce2e9a9950 JavaThread "Cancel handler" [_thread_blocked, id=4412, stack(0x0000005806500000,0x0000005806600000)]
  0x000001ce2e9a8f30 JavaThread "Daemon worker" [_thread_blocked, id=13572, stack(0x0000005806600000,0x0000005806700000)]
  0x000001ce2e9a75e0 JavaThread "Asynchronous log dispatcher for DefaultDaemonConnection: socket connection from /127.0.0.1:60528 to /127.0.0.1:60529" [_thread_blocked, id=13604, stack(0x0000005806700000,0x0000005806800000)]
  0x000001ce2e9a9e60 JavaThread "Stdin handler" [_thread_blocked, id=8220, stack(0x0000005806800000,0x0000005806900000)]
  0x000001ce2e9a7af0 JavaThread "Daemon client event forwarder" [_thread_blocked, id=9732, stack(0x0000005806900000,0x0000005806a00000)]
  0x000001ce2e9a70d0 JavaThread "Cache worker for journal cache (C:\Users\user\.gradle\caches\journal-1)" [_thread_blocked, id=14192, stack(0x0000005806a00000,0x0000005806b00000)]
  0x000001ce2e9a9440 JavaThread "File lock request listener" [_thread_in_native, id=11144, stack(0x0000005806b00000,0x0000005806c00000)]
  0x000001ce2e9aa880 JavaThread "Cache worker for file hash cache (C:\Users\user\.gradle\caches\9.1.0\fileHashes)" [_thread_blocked, id=13556, stack(0x0000005806c00000,0x0000005806d00000)]
  0x000001ce2e9a8000 JavaThread "Cache worker for file hash cache (C:\Users\user\Desktop\videovault-app\android\.gradle\9.1.0\fileHashes)" [_thread_blocked, id=4448, stack(0x0000005806d00000,0x0000005806e00000)]
  0x000001ce2e9a8a20 JavaThread "Cache worker for Build Output Cleanup Cache (C:\Users\user\Desktop\videovault-app\android\.gradle\buildOutputCleanup)" [_thread_blocked, id=13608, stack(0x0000005806e00000,0x0000005806f00000)]
  0x000001ce2e9a8510 JavaThread "File watcher server" daemon [_thread_in_native, id=2772, stack(0x0000005806f00000,0x0000005807000000)]
  0x000001ce3040fc90 JavaThread "File watcher consumer" daemon [_thread_blocked, id=9724, stack(0x0000005807000000,0x0000005807100000)]
  0x000001ce3040e850 JavaThread "Cache worker for checksums cache (C:\Users\user\Desktop\videovault-app\android\.gradle\9.1.0\checksums)" [_thread_blocked, id=12176, stack(0x0000005807100000,0x0000005807200000)]
  0x000001ce3040d920 JavaThread "Cache worker for file content cache (C:\Users\user\.gradle\caches\9.1.0\fileContent)" [_thread_blocked, id=11604, stack(0x0000005807200000,0x0000005807300000)]
  0x000001ce304101a0 JavaThread "Cache worker for cache directory md-supplier (C:\Users\user\.gradle\caches\9.1.0\md-supplier)" [_thread_blocked, id=11632, stack(0x0000005807300000,0x0000005807400000)]
  0x000001ce304106b0 JavaThread "Cache worker for cache directory md-rule (C:\Users\user\.gradle\caches\9.1.0\md-rule)" [_thread_blocked, id=13760, stack(0x0000005807400000,0x0000005807500000)]
  0x000001ce3040d410 JavaThread "jar transforms" [_thread_blocked, id=11444, stack(0x0000005807500000,0x0000005807600000)]
  0x000001ce3040ed60 JavaThread "jar transforms Thread 2" [_thread_blocked, id=12476, stack(0x0000005807600000,0x0000005807700000)]
  0x000001ce3040de30 JavaThread "Cache worker for Build Output Cleanup Cache (C:\flutr\flutter\packages\flutter_tools\gradle\.gradle\buildOutputCleanup)" [_thread_blocked, id=13380, stack(0x0000005807700000,0x0000005807800000)]
  0x000001ce3040e340 JavaThread "Unconstrained build operations" [_thread_blocked, id=2760, stack(0x0000005807800000,0x0000005807900000)]
  0x000001ce3040f270 JavaThread "Unconstrained build operations Thread 2" [_thread_blocked, id=7992, stack(0x0000005807900000,0x0000005807a00000)]
  0x000001ce3040f780 JavaThread "Unconstrained build operations Thread 3" [_thread_blocked, id=12280, stack(0x0000005807a00000,0x0000005807b00000)]
  0x000001ce303679b0 JavaThread "Unconstrained build operations Thread 4" [_thread_blocked, id=10928, stack(0x0000005807b00000,0x0000005807c00000)]
  0x000001ce30366a80 JavaThread "Unconstrained build operations Thread 5" [_thread_blocked, id=12660, stack(0x0000005807c00000,0x0000005807d00000)]
  0x000001ce3036c090 JavaThread "Unconstrained build operations Thread 6" [_thread_blocked, id=1068, stack(0x0000005807d00000,0x0000005807e00000)]
  0x000001ce30366f90 JavaThread "Unconstrained build operations Thread 7" [_thread_blocked, id=11232, stack(0x0000005807e00000,0x0000005807f00000)]
  0x000001ce3036c5a0 JavaThread "Unconstrained build operations Thread 8" [_thread_blocked, id=14256, stack(0x0000005807f00000,0x0000005808000000)]
  0x000001ce303674a0 JavaThread "Unconstrained build operations Thread 9" [_thread_blocked, id=12472, stack(0x0000005808000000,0x0000005808100000)]
  0x000001ce3036cab0 JavaThread "Memory manager" [_thread_blocked, id=14116, stack(0x0000005808300000,0x0000005808400000)]
  0x000001ce30366570 JavaThread "build event listener" [_thread_blocked, id=7096, stack(0x0000005808400000,0x0000005808500000)]
  0x000001ce3036cfc0 JavaThread "Execution worker" [_thread_blocked, id=1552, stack(0x0000005808600000,0x0000005808700000)]
  0x000001ce3036b160 JavaThread "Execution worker Thread 2" [_thread_blocked, id=6592, stack(0x0000005808700000,0x0000005808800000)]
  0x000001ce3036d9e0 JavaThread "Execution worker Thread 3" [_thread_blocked, id=10360, stack(0x0000005808800000,0x0000005808900000)]
  0x000001ce30369300 JavaThread "Cache worker for execution history cache (C:\flutr\flutter\packages\flutter_tools\gradle\.gradle\9.1.0\executionHistory)" [_thread_blocked, id=12348, stack(0x0000005808900000,0x0000005808a00000)]
  0x000001ce30369810 JavaThread "Unconstrained build operations Thread 10" [_thread_blocked, id=13368, stack(0x0000005808a00000,0x0000005808b00000)]
  0x000001ce30369d20 JavaThread "Unconstrained build operations Thread 11" [_thread_blocked, id=724, stack(0x0000005808b00000,0x0000005808c00000)]
  0x000001ce3036a230 JavaThread "Unconstrained build operations Thread 12" [_thread_blocked, id=3572, stack(0x0000005808c00000,0x0000005808d00000)]
  0x000001ce3036a740 JavaThread "Unconstrained build operations Thread 13" [_thread_blocked, id=8824, stack(0x0000005804700000,0x0000005804800000)]
  0x000001ce3036def0 JavaThread "Unconstrained build operations Thread 14" [_thread_blocked, id=7188, stack(0x0000005804800000,0x0000005804900000)]
  0x000001ce3036b670 JavaThread "Unconstrained build operations Thread 15" [_thread_blocked, id=13040, stack(0x0000005805a00000,0x0000005805b00000)]
  0x000001ce3036d4d0 JavaThread "Unconstrained build operations Thread 16" [_thread_blocked, id=2668, stack(0x0000005808d00000,0x0000005808e00000)]
  0x000001ce3036bb80 JavaThread "Unconstrained build operations Thread 17" [_thread_blocked, id=9964, stack(0x0000005808e00000,0x0000005808f00000)]
  0x000001ce310f03e0 JavaThread "Unconstrained build operations Thread 18" [_thread_blocked, id=13272, stack(0x0000005808f00000,0x0000005809000000)]
  0x000001ce310eefa0 JavaThread "Unconstrained build operations Thread 19" [_thread_blocked, id=8680, stack(0x0000005809000000,0x0000005809100000)]
  0x000001ce310f08f0 JavaThread "Unconstrained build operations Thread 20" [_thread_blocked, id=10500, stack(0x0000005809100000,0x0000005809200000)]
  0x000001ce310ef4b0 JavaThread "Unconstrained build operations Thread 21" [_thread_blocked, id=6804, stack(0x0000005809200000,0x0000005809300000)]
  0x000001ce310ee580 JavaThread "Unconstrained build operations Thread 22" [_thread_blocked, id=12892, stack(0x0000005809300000,0x0000005809400000)]
  0x000001ce310f4ac0 JavaThread "Unconstrained build operations Thread 23" [_thread_blocked, id=12488, stack(0x0000005809400000,0x0000005809500000)]
  0x000001ce310ef9c0 JavaThread "Unconstrained build operations Thread 24" [_thread_blocked, id=9772, stack(0x0000005809500000,0x0000005809600000)]
  0x000001ce310f0e00 JavaThread "Unconstrained build operations Thread 25" [_thread_blocked, id=11028, stack(0x0000005809600000,0x0000005809700000)]
  0x000001ce310eea90 JavaThread "Unconstrained build operations Thread 26" [_thread_blocked, id=14064, stack(0x0000005809700000,0x0000005809800000)]
  0x000001ce310f1310 JavaThread "Unconstrained build operations Thread 27" [_thread_blocked, id=12924, stack(0x0000005809800000,0x0000005809900000)]
  0x000001ce310f40a0 JavaThread "Unconstrained build operations Thread 28" [_thread_blocked, id=4840, stack(0x0000005809900000,0x0000005809a00000)]
  0x000001ce310f1820 JavaThread "Unconstrained build operations Thread 29" [_thread_blocked, id=11432, stack(0x0000005809a00000,0x0000005809b00000)]
  0x000001ce50e69650 JavaThread "build event listener" [_thread_blocked, id=4784, stack(0x0000005808500000,0x0000005808600000)]
  0x000001ce50e65ea0 JavaThread "build event listener" [_thread_blocked, id=1560, stack(0x0000005809d00000,0x0000005809e00000)]
  0x000001ce50e64040 JavaThread "Kotlin DSL Writer" [_thread_blocked, id=8380, stack(0x0000005809e00000,0x0000005809f00000)]
  0x000001ce4fa903b0 JavaThread "Problems report writer" [_thread_blocked, id=11160, stack(0x0000005808100000,0x0000005808200000)]
  0x000001ce4fa8ef70 JavaThread "jar transforms Thread 3" [_thread_blocked, id=13836, stack(0x0000005809f00000,0x000000580a000000)]
  0x000001ce4fa954b0 JavaThread "Unconstrained build operations Thread 30" [_thread_blocked, id=14248, stack(0x000000580a100000,0x000000580a200000)]
  0x000001ce4fa94a90 JavaThread "Unconstrained build operations Thread 31" [_thread_blocked, id=4560, stack(0x000000580a200000,0x000000580a300000)]
  0x000001ce4fa94fa0 JavaThread "Unconstrained build operations Thread 32" [_thread_blocked, id=2636, stack(0x000000580a300000,0x000000580a400000)]
  0x000001ce4fa94070 JavaThread "Unconstrained build operations Thread 33" [_thread_blocked, id=5456, stack(0x0000005808200000,0x0000005808300000)]
  0x000001ce4fa92210 JavaThread "Unconstrained build operations Thread 34" [_thread_blocked, id=10868, stack(0x000000580a400000,0x000000580a500000)]
  0x000001ce4fa8f990 JavaThread "Unconstrained build operations Thread 35" [_thread_blocked, id=7348, stack(0x000000580a500000,0x000000580a600000)]
  0x000001ce4fa90dd0 JavaThread "Unconstrained build operations Thread 36" [_thread_blocked, id=11384, stack(0x000000580a600000,0x000000580a700000)]
  0x000001ce4fa93140 JavaThread "Unconstrained build operations Thread 37" [_thread_blocked, id=7976, stack(0x000000580a700000,0x000000580a800000)]
  0x000001ce4fa94580 JavaThread "Unconstrained build operations Thread 38" [_thread_blocked, id=11548, stack(0x000000580a800000,0x000000580a900000)]
  0x000001ce4fa8e040 JavaThread "Unconstrained build operations Thread 39" [_thread_blocked, id=1772, stack(0x000000580aa00000,0x000000580ab00000)]
  0x000001ce4fa908c0 JavaThread "Unconstrained build operations Thread 40" [_thread_blocked, id=11456, stack(0x000000580ab00000,0x000000580ac00000)]
  0x000001ce310ed650 JavaThread "jar transforms Thread 4" [_thread_blocked, id=9848, stack(0x000000580ae00000,0x000000580af00000)]

Other Threads:
=>0x000001cde57826b0 VMThread "VM Thread" [stack: 0x0000005804f00000,0x0000005805000000] [id=13536]
  0x000001cda89a05b0 WatcherThread [stack: 0x0000005805c00000,0x0000005805d00000] [id=3852]
  0x000001cda8a4dde0 GCTaskThread "GC Thread#0" [stack: 0x0000005804a00000,0x0000005804b00000] [id=11480]
  0x000001ce2d272d70 GCTaskThread "GC Thread#1" [stack: 0x0000005805d00000,0x0000005805e00000] [id=11540]
  0x000001ce2d2d3530 GCTaskThread "GC Thread#2" [stack: 0x0000005805e00000,0x0000005805f00000] [id=3556]
  0x000001ce2debb070 GCTaskThread "GC Thread#3" [stack: 0x0000005805f00000,0x0000005806000000] [id=11320]
  0x000001cde55d0850 ConcurrentGCThread "G1 Main Marker" [stack: 0x0000005804b00000,0x0000005804c00000] [id=4880]
  0x000001cde55d0f20 ConcurrentGCThread "G1 Conc#0" [stack: 0x0000005804c00000,0x0000005804d00000] [id=11864]
  0x000001cde563e9d0 ConcurrentGCThread "G1 Refine#0" [stack: 0x0000005804d00000,0x0000005804e00000] [id=13708]
  0x000001ce317c3d10 ConcurrentGCThread "G1 Refine#1" [stack: 0x0000005809b00000,0x0000005809c00000] [id=13936]
  0x000001ce317c4000 ConcurrentGCThread "G1 Refine#2" [stack: 0x0000005809c00000,0x0000005809d00000] [id=10384]
  0x000001cde563f0b0 ConcurrentGCThread "G1 Service" [stack: 0x0000005804e00000,0x0000005804f00000] [id=9824]

Threads with active compile tasks:

VM state: at safepoint (normal execution)

VM Mutex/Monitor currently owned by a thread:  ([mutex/lock_event])
[0x000001cda899c140] Threads_lock - owner thread: 0x000001cde57826b0
[0x000001cda899b8d0] Heap_lock - owner thread: 0x000001ce303674a0

Heap address: 0x0000000600000000, size: 8192 MB, Compressed Oops mode: Zero based, Oop shift amount: 3

CDS archive(s) mapped at: [0x000001cde8000000-0x000001cde8bb0000-0x000001cde8bb0000), size 12255232, SharedBaseAddress: 0x000001cde8000000, ArchiveRelocationMode: 1.
Compressed class space mapped at: 0x000001cde9000000-0x000001ce29000000, reserved size: 1073741824
Narrow klass base: 0x000001cde8000000, Narrow klass shift: 0, Narrow klass range: 0x100000000

GC Precious Log:
 CPUs: 4 total, 4 available
 Memory: 3978M
 Large Page Support: Disabled
 NUMA Support: Disabled
 Compressed Oops: Enabled (Zero based)
 Heap Region Size: 4M
 Heap Min Capacity: 8M
 Heap Initial Capacity: 64M
 Heap Max Capacity: 8G
 Pre-touch: Disabled
 Parallel Workers: 4
 Concurrent Workers: 1
 Concurrent Refinement Workers: 4
 Periodic GC: Disabled

Heap:
 garbage-first heap   total 1282048K, used 311581K [0x0000000600000000, 0x0000000800000000)
  region size 4096K, 7 young (28672K), 7 survivors (28672K)
 Metaspace       used 200153K, committed 201536K, reserved 1245184K
  class space    used 25536K, committed 26176K, reserved 1048576K

Heap Regions: E=young(eden), S=young(survivor), O=old, HS=humongous(starts), HC=humongous(continues), CS=collection set, F=free, OA=open archive, CA=closed archive, TAMS=top-at-mark-start (previous, next)
|   0|0x0000000600000000, 0x0000000600400000, 0x0000000600400000|100%|HS|  |TAMS 0x0000000600400000, 0x0000000600400000| Complete 
|   1|0x0000000600400000, 0x0000000600800000, 0x0000000600800000|100%| O|  |TAMS 0x0000000600800000, 0x0000000600800000| Untracked 
|   2|0x0000000600800000, 0x0000000600c00000, 0x0000000600c00000|100%| O|  |TAMS 0x0000000600c00000, 0x0000000600c00000| Untracked 
|   3|0x0000000600c00000, 0x0000000601000000, 0x0000000601000000|100%| O|  |TAMS 0x0000000601000000, 0x0000000601000000| Untracked 
|   4|0x0000000601000000, 0x0000000601400000, 0x0000000601400000|100%| O|  |TAMS 0x0000000601400000, 0x0000000601400000| Untracked 
|   5|0x0000000601400000, 0x0000000601800000, 0x0000000601800000|100%| O|  |TAMS 0x0000000601800000, 0x0000000601800000| Untracked 
|   6|0x0000000601800000, 0x0000000601c00000, 0x0000000601c00000|100%| O|  |TAMS 0x0000000601c00000, 0x0000000601c00000| Untracked 
|   7|0x0000000601c00000, 0x0000000602000000, 0x0000000602000000|100%| O|  |TAMS 0x0000000602000000, 0x0000000602000000| Untracked 
|   8|0x0000000602000000, 0x0000000602400000, 0x0000000602400000|100%| O|  |TAMS 0x0000000602400000, 0x0000000602400000| Untracked 
|   9|0x0000000602400000, 0x0000000602800000, 0x0000000602800000|100%| O|  |TAMS 0x0000000602800000, 0x0000000602800000| Untracked 
|  10|0x0000000602800000, 0x0000000602c00000, 0x0000000602c00000|100%| O|  |TAMS 0x0000000602c00000, 0x0000000602c00000| Untracked 
|  11|0x0000000602c00000, 0x0000000603000000, 0x0000000603000000|100%| O|  |TAMS 0x0000000603000000, 0x0000000603000000| Untracked 
|  12|0x0000000603000000, 0x0000000603400000, 0x0000000603400000|100%| O|  |TAMS 0x0000000603400000, 0x0000000603400000| Untracked 
|  13|0x0000000603400000, 0x0000000603800000, 0x0000000603800000|100%| O|  |TAMS 0x0000000603800000, 0x0000000603800000| Untracked 
|  14|0x0000000603800000, 0x0000000603c00000, 0x0000000603c00000|100%| O|  |TAMS 0x0000000603c00000, 0x0000000603c00000| Untracked 
|  15|0x0000000603c00000, 0x0000000604000000, 0x0000000604000000|100%| O|  |TAMS 0x0000000604000000, 0x0000000604000000| Untracked 
|  16|0x0000000604000000, 0x0000000604400000, 0x0000000604400000|100%| O|  |TAMS 0x0000000604400000, 0x0000000604400000| Untracked 
|  17|0x0000000604400000, 0x0000000604800000, 0x0000000604800000|100%| O|  |TAMS 0x0000000604800000, 0x0000000604800000| Untracked 
|  18|0x0000000604800000, 0x0000000604c00000, 0x0000000604c00000|100%| O|  |TAMS 0x0000000604c00000, 0x0000000604c00000| Untracked 
|  19|0x0000000604c00000, 0x0000000605000000, 0x0000000605000000|100%| O|  |TAMS 0x0000000605000000, 0x0000000605000000| Untracked 
|  20|0x0000000605000000, 0x0000000605400000, 0x0000000605400000|100%| O|  |TAMS 0x0000000605400000, 0x0000000605400000| Untracked 
|  21|0x0000000605400000, 0x0000000605800000, 0x0000000605800000|100%| O|  |TAMS 0x0000000605800000, 0x0000000605800000| Untracked 
|  22|0x0000000605800000, 0x0000000605c00000, 0x0000000605c00000|100%| O|  |TAMS 0x0000000605c00000, 0x0000000605c00000| Untracked 
|  23|0x0000000605c00000, 0x0000000606000000, 0x0000000606000000|100%| O|  |TAMS 0x0000000606000000, 0x0000000606000000| Untracked 
|  24|0x0000000606000000, 0x0000000606400000, 0x0000000606400000|100%| O|  |TAMS 0x0000000606400000, 0x0000000606400000| Untracked 
|  25|0x0000000606400000, 0x0000000606800000, 0x0000000606800000|100%| O|  |TAMS 0x0000000606800000, 0x0000000606800000| Untracked 
|  26|0x0000000606800000, 0x0000000606c00000, 0x0000000606c00000|100%| O|  |TAMS 0x0000000606c00000, 0x0000000606c00000| Untracked 
|  27|0x0000000606c00000, 0x0000000607000000, 0x0000000607000000|100%| O|  |TAMS 0x0000000606c00000, 0x0000000607000000| Untracked 
|  28|0x0000000607000000, 0x0000000607400000, 0x0000000607400000|100%| O|  |TAMS 0x0000000607400000, 0x0000000607400000| Untracked 
|  29|0x0000000607400000, 0x0000000607800000, 0x0000000607800000|100%| O|  |TAMS 0x0000000607800000, 0x0000000607800000| Untracked 
|  30|0x0000000607800000, 0x0000000607c00000, 0x0000000607c00000|100%| O|  |TAMS 0x0000000607c00000, 0x0000000607c00000| Untracked 
|  31|0x0000000607c00000, 0x0000000607c07a00, 0x0000000608000000|  0%| O|  |TAMS 0x0000000607c00000, 0x0000000607c07a00| Untracked 
|  32|0x0000000608000000, 0x0000000608400000, 0x0000000608400000|100%| O|  |TAMS 0x0000000608400000, 0x0000000608400000| Untracked 
|  33|0x0000000608400000, 0x0000000608800000, 0x0000000608800000|100%| O|  |TAMS 0x0000000608800000, 0x0000000608800000| Untracked 
|  34|0x0000000608800000, 0x0000000608800000, 0x0000000608c00000|  0%| F|  |TAMS 0x0000000608800000, 0x0000000608800000| Untracked 
|  35|0x0000000608c00000, 0x0000000609000000, 0x0000000609000000|100%| O|  |TAMS 0x0000000609000000, 0x0000000609000000| Untracked 
|  36|0x0000000609000000, 0x0000000609400000, 0x0000000609400000|100%| O|  |TAMS 0x0000000609400000, 0x0000000609400000| Untracked 
|  37|0x0000000609400000, 0x0000000609800000, 0x0000000609800000|100%| O|  |TAMS 0x0000000609800000, 0x0000000609800000| Untracked 
|  38|0x0000000609800000, 0x0000000609c00000, 0x0000000609c00000|100%| O|  |TAMS 0x0000000609c00000, 0x0000000609c00000| Untracked 
|  39|0x0000000609c00000, 0x000000060a000000, 0x000000060a000000|100%| O|  |TAMS 0x000000060a000000, 0x000000060a000000| Untracked 
|  40|0x000000060a000000, 0x000000060a400000, 0x000000060a400000|100%| O|  |TAMS 0x000000060a400000, 0x000000060a400000| Untracked 
|  41|0x000000060a400000, 0x000000060a400000, 0x000000060a800000|  0%| F|  |TAMS 0x000000060a400000, 0x000000060a400000| Untracked 
|  42|0x000000060a800000, 0x000000060ac00000, 0x000000060ac00000|100%| O|  |TAMS 0x000000060ac00000, 0x000000060ac00000| Untracked 
|  43|0x000000060ac00000, 0x000000060ac00000, 0x000000060b000000|  0%| F|  |TAMS 0x000000060ac00000, 0x000000060ac00000| Untracked 
|  44|0x000000060b000000, 0x000000060b000000, 0x000000060b400000|  0%| F|  |TAMS 0x000000060b000000, 0x000000060b000000| Untracked 
|  45|0x000000060b400000, 0x000000060b400000, 0x000000060b800000|  0%| F|  |TAMS 0x000000060b400000, 0x000000060b400000| Untracked 
|  46|0x000000060b800000, 0x000000060bc00000, 0x000000060bc00000|100%| O|  |TAMS 0x000000060bc00000, 0x000000060bc00000| Untracked 
|  47|0x000000060bc00000, 0x000000060c000000, 0x000000060c000000|100%| O|  |TAMS 0x000000060c000000, 0x000000060c000000| Untracked 
|  48|0x000000060c000000, 0x000000060c400000, 0x000000060c400000|100%| O|  |TAMS 0x000000060c339000, 0x000000060c400000| Untracked 
|  49|0x000000060c400000, 0x000000060c400000, 0x000000060c800000|  0%| F|  |TAMS 0x000000060c400000, 0x000000060c400000| Untracked 
|  50|0x000000060c800000, 0x000000060c800000, 0x000000060cc00000|  0%| F|  |TAMS 0x000000060c800000, 0x000000060c800000| Untracked 
|  51|0x000000060cc00000, 0x000000060cc00000, 0x000000060d000000|  0%| F|  |TAMS 0x000000060cc00000, 0x000000060cc00000| Untracked 
|  52|0x000000060d000000, 0x000000060d000000, 0x000000060d400000|  0%| F|  |TAMS 0x000000060d000000, 0x000000060d000000| Untracked 
|  53|0x000000060d400000, 0x000000060d400000, 0x000000060d800000|  0%| F|  |TAMS 0x000000060d400000, 0x000000060d400000| Untracked 
|  54|0x000000060d800000, 0x000000060d800000, 0x000000060dc00000|  0%| F|  |TAMS 0x000000060d800000, 0x000000060d800000| Untracked 
|  55|0x000000060dc00000, 0x000000060dc00000, 0x000000060e000000|  0%| F|  |TAMS 0x000000060dc00000, 0x000000060dc00000| Untracked 
|  56|0x000000060e000000, 0x000000060e400000, 0x000000060e400000|100%| O|  |TAMS 0x000000060e400000, 0x000000060e400000| Untracked 
|  57|0x000000060e400000, 0x000000060e800000, 0x000000060e800000|100%| O|  |TAMS 0x000000060e800000, 0x000000060e800000| Untracked 
|  58|0x000000060e800000, 0x000000060ec00000, 0x000000060ec00000|100%| O|  |TAMS 0x000000060ec00000, 0x000000060ec00000| Untracked 
|  59|0x000000060ec00000, 0x000000060f000000, 0x000000060f000000|100%| O|  |TAMS 0x000000060f000000, 0x000000060f000000| Untracked 
|  60|0x000000060f000000, 0x000000060f400000, 0x000000060f400000|100%| O|  |TAMS 0x000000060f400000, 0x000000060f400000| Untracked 
|  61|0x000000060f400000, 0x000000060f800000, 0x000000060f800000|100%| O|  |TAMS 0x000000060f800000, 0x000000060f800000| Untracked 
|  62|0x000000060f800000, 0x000000060fc00000, 0x000000060fc00000|100%| O|  |TAMS 0x000000060fc00000, 0x000000060fc00000| Untracked 
|  63|0x000000060fc00000, 0x0000000610000000, 0x0000000610000000|100%| O|  |TAMS 0x0000000610000000, 0x0000000610000000| Untracked 
|  64|0x0000000610000000, 0x0000000610400000, 0x0000000610400000|100%| O|  |TAMS 0x0000000610400000, 0x0000000610400000| Untracked 
|  65|0x0000000610400000, 0x0000000610800000, 0x0000000610800000|100%| O|  |TAMS 0x0000000610800000, 0x0000000610800000| Untracked 
|  66|0x0000000610800000, 0x0000000610c00000, 0x0000000610c00000|100%| O|  |TAMS 0x0000000610c00000, 0x0000000610c00000| Untracked 
|  67|0x0000000610c00000, 0x0000000611000000, 0x0000000611000000|100%| O|  |TAMS 0x0000000611000000, 0x0000000611000000| Untracked 
|  68|0x0000000611000000, 0x0000000611400000, 0x0000000611400000|100%| O|  |TAMS 0x0000000611400000, 0x0000000611400000| Untracked 
|  69|0x0000000611400000, 0x0000000611800000, 0x0000000611800000|100%| O|  |TAMS 0x0000000611800000, 0x0000000611800000| Untracked 
|  70|0x0000000611800000, 0x0000000611c00000, 0x0000000611c00000|100%| O|  |TAMS 0x0000000611c00000, 0x0000000611c00000| Untracked 
|  71|0x0000000611c00000, 0x0000000612000000, 0x0000000612000000|100%| O|  |TAMS 0x0000000612000000, 0x0000000612000000| Untracked 
|  72|0x0000000612000000, 0x0000000612400000, 0x0000000612400000|100%| O|  |TAMS 0x0000000612400000, 0x0000000612400000| Untracked 
|  73|0x0000000612400000, 0x0000000612800000, 0x0000000612800000|100%| O|  |TAMS 0x0000000612800000, 0x0000000612800000| Untracked 
|  74|0x0000000612800000, 0x0000000612c00000, 0x0000000612c00000|100%| O|  |TAMS 0x0000000612c00000, 0x0000000612c00000| Untracked 
|  75|0x0000000612c00000, 0x0000000613000000, 0x0000000613000000|100%| O|  |TAMS 0x0000000613000000, 0x0000000613000000| Untracked 
|  76|0x0000000613000000, 0x0000000613400000, 0x0000000613400000|100%| O|  |TAMS 0x0000000613400000, 0x0000000613400000| Untracked 
|  77|0x0000000613400000, 0x0000000613800000, 0x0000000613800000|100%| O|  |TAMS 0x0000000613800000, 0x0000000613800000| Untracked 
|  78|0x0000000613800000, 0x0000000613c00000, 0x0000000613c00000|100%| O|  |TAMS 0x0000000613c00000, 0x0000000613c00000| Untracked 
|  79|0x0000000613c00000, 0x0000000614000000, 0x0000000614000000|100%| O|  |TAMS 0x0000000614000000, 0x0000000614000000| Untracked 
|  80|0x0000000614000000, 0x0000000614400000, 0x0000000614400000|100%| O|  |TAMS 0x0000000614400000, 0x0000000614400000| Untracked 
|  81|0x0000000614400000, 0x0000000614800000, 0x0000000614800000|100%| O|  |TAMS 0x0000000614800000, 0x0000000614800000| Untracked 
|  82|0x0000000614800000, 0x0000000614c00000, 0x0000000614c00000|100%| O|  |TAMS 0x0000000614c00000, 0x0000000614c00000| Untracked 
|  83|0x0000000614c00000, 0x0000000614c00000, 0x0000000615000000|  0%| F|  |TAMS 0x0000000614c00000, 0x0000000614c00000| Untracked 
|  84|0x0000000615000000, 0x0000000615000000, 0x0000000615400000|  0%| F|  |TAMS 0x0000000615000000, 0x0000000615000000| Untracked 
|  85|0x0000000615400000, 0x0000000615400000, 0x0000000615800000|  0%| F|  |TAMS 0x0000000615400000, 0x0000000615400000| Untracked 
|  86|0x0000000615800000, 0x0000000615800000, 0x0000000615c00000|  0%| F|  |TAMS 0x0000000615800000, 0x0000000615800000| Untracked 
|  87|0x0000000615c00000, 0x0000000615c00000, 0x0000000616000000|  0%| F|  |TAMS 0x0000000615c00000, 0x0000000615c00000| Untracked 
|  88|0x0000000616000000, 0x0000000616000000, 0x0000000616400000|  0%| F|  |TAMS 0x0000000616000000, 0x0000000616000000| Untracked 
|  89|0x0000000616400000, 0x0000000616400000, 0x0000000616800000|  0%| F|  |TAMS 0x0000000616400000, 0x0000000616400000| Untracked 
|  90|0x0000000616800000, 0x0000000616800000, 0x0000000616c00000|  0%| F|  |TAMS 0x0000000616800000, 0x0000000616800000| Untracked 
|  91|0x0000000616c00000, 0x0000000616c00000, 0x0000000617000000|  0%| F|  |TAMS 0x0000000616c00000, 0x0000000616c00000| Untracked 
|  92|0x0000000617000000, 0x0000000617000000, 0x0000000617400000|  0%| F|  |TAMS 0x0000000617000000, 0x0000000617000000| Untracked 
|  93|0x0000000617400000, 0x0000000617400000, 0x0000000617800000|  0%| F|  |TAMS 0x0000000617400000, 0x0000000617400000| Untracked 
|  94|0x0000000617800000, 0x0000000617800000, 0x0000000617c00000|  0%| F|  |TAMS 0x0000000617800000, 0x0000000617800000| Untracked 
|  95|0x0000000617c00000, 0x0000000617c00000, 0x0000000618000000|  0%| F|  |TAMS 0x0000000617c00000, 0x0000000617c00000| Untracked 
|  96|0x0000000618000000, 0x0000000618000000, 0x0000000618400000|  0%| F|  |TAMS 0x0000000618000000, 0x0000000618000000| Untracked 
|  97|0x0000000618400000, 0x0000000618400000, 0x0000000618800000|  0%| F|  |TAMS 0x0000000618400000, 0x0000000618400000| Untracked 
|  98|0x0000000618800000, 0x0000000618800000, 0x0000000618c00000|  0%| F|  |TAMS 0x0000000618800000, 0x0000000618800000| Untracked 
|  99|0x0000000618c00000, 0x0000000618c00000, 0x0000000619000000|  0%| F|  |TAMS 0x0000000618c00000, 0x0000000618c00000| Untracked 
| 100|0x0000000619000000, 0x0000000619000000, 0x0000000619400000|  0%| F|  |TAMS 0x0000000619000000, 0x0000000619000000| Untracked 
| 101|0x0000000619400000, 0x0000000619400000, 0x0000000619800000|  0%| F|  |TAMS 0x0000000619400000, 0x0000000619400000| Untracked 
| 102|0x0000000619800000, 0x0000000619800000, 0x0000000619c00000|  0%| F|  |TAMS 0x0000000619800000, 0x0000000619800000| Untracked 
| 103|0x0000000619c00000, 0x0000000619c00000, 0x000000061a000000|  0%| F|  |TAMS 0x0000000619c00000, 0x0000000619c00000| Untracked 
| 104|0x000000061a000000, 0x000000061a000000, 0x000000061a400000|  0%| F|  |TAMS 0x000000061a000000, 0x000000061a000000| Untracked 
| 105|0x000000061a400000, 0x000000061a400000, 0x000000061a800000|  0%| F|  |TAMS 0x000000061a400000, 0x000000061a400000| Untracked 
| 106|0x000000061a800000, 0x000000061a800000, 0x000000061ac00000|  0%| F|  |TAMS 0x000000061a800000, 0x000000061a800000| Untracked 
| 107|0x000000061ac00000, 0x000000061ac00000, 0x000000061b000000|  0%| F|  |TAMS 0x000000061ac00000, 0x000000061ac00000| Untracked 
| 108|0x000000061b000000, 0x000000061b000000, 0x000000061b400000|  0%| F|  |TAMS 0x000000061b000000, 0x000000061b000000| Untracked 
| 109|0x000000061b400000, 0x000000061b400000, 0x000000061b800000|  0%| F|  |TAMS 0x000000061b400000, 0x000000061b400000| Untracked 
| 110|0x000000061b800000, 0x000000061b800000, 0x000000061bc00000|  0%| F|  |TAMS 0x000000061b800000, 0x000000061b800000| Untracked 
| 111|0x000000061bc00000, 0x000000061bc00000, 0x000000061c000000|  0%| F|  |TAMS 0x000000061bc00000, 0x000000061bc00000| Untracked 
| 112|0x000000061c000000, 0x000000061c000000, 0x000000061c400000|  0%| F|  |TAMS 0x000000061c000000, 0x000000061c000000| Untracked 
| 113|0x000000061c400000, 0x000000061c400000, 0x000000061c800000|  0%| F|  |TAMS 0x000000061c400000, 0x000000061c400000| Untracked 
| 114|0x000000061c800000, 0x000000061c800000, 0x000000061cc00000|  0%| F|  |TAMS 0x000000061c800000, 0x000000061c800000| Untracked 
| 115|0x000000061cc00000, 0x000000061cc00000, 0x000000061d000000|  0%| F|  |TAMS 0x000000061cc00000, 0x000000061cc00000| Untracked 
| 116|0x000000061d000000, 0x000000061d000000, 0x000000061d400000|  0%| F|  |TAMS 0x000000061d000000, 0x000000061d000000| Untracked 
| 117|0x000000061d400000, 0x000000061d400000, 0x000000061d800000|  0%| F|  |TAMS 0x000000061d400000, 0x000000061d400000| Untracked 
| 118|0x000000061d800000, 0x000000061d83fd10, 0x000000061dc00000|  6%| S|CS|TAMS 0x000000061d800000, 0x000000061d800000| Complete 
| 119|0x000000061dc00000, 0x000000061e000000, 0x000000061e000000|100%| S|CS|TAMS 0x000000061dc00000, 0x000000061dc00000| Complete 
| 120|0x000000061e000000, 0x000000061e400000, 0x000000061e400000|100%| S|CS|TAMS 0x000000061e000000, 0x000000061e000000| Complete 
| 121|0x000000061e400000, 0x000000061e800000, 0x000000061e800000|100%| S|CS|TAMS 0x000000061e400000, 0x000000061e400000| Complete 
| 122|0x000000061e800000, 0x000000061ec00000, 0x000000061ec00000|100%| S|CS|TAMS 0x000000061e800000, 0x000000061e800000| Complete 
| 123|0x000000061ec00000, 0x000000061f000000, 0x000000061f000000|100%| S|CS|TAMS 0x000000061ec00000, 0x000000061ec00000| Complete 
| 124|0x000000061f000000, 0x000000061f400000, 0x000000061f400000|100%| S|CS|TAMS 0x000000061f000000, 0x000000061f000000| Complete 
| 125|0x000000061f400000, 0x000000061f400000, 0x000000061f800000|  0%| F|  |TAMS 0x000000061f400000, 0x000000061f400000| Untracked 
| 126|0x000000061f800000, 0x000000061f800000, 0x000000061fc00000|  0%| F|  |TAMS 0x000000061f800000, 0x000000061f800000| Untracked 
| 127|0x000000061fc00000, 0x000000061fc00000, 0x0000000620000000|  0%| F|  |TAMS 0x000000061fc00000, 0x000000061fc00000| Untracked 
| 128|0x0000000620000000, 0x0000000620000000, 0x0000000620400000|  0%| F|  |TAMS 0x0000000620000000, 0x0000000620000000| Untracked 
| 129|0x0000000620400000, 0x0000000620400000, 0x0000000620800000|  0%| F|  |TAMS 0x0000000620400000, 0x0000000620400000| Untracked 
| 130|0x0000000620800000, 0x0000000620800000, 0x0000000620c00000|  0%| F|  |TAMS 0x0000000620800000, 0x0000000620800000| Untracked 
| 131|0x0000000620c00000, 0x0000000620c00000, 0x0000000621000000|  0%| F|  |TAMS 0x0000000620c00000, 0x0000000620c00000| Untracked 
| 132|0x0000000621000000, 0x0000000621000000, 0x0000000621400000|  0%| F|  |TAMS 0x0000000621000000, 0x0000000621000000| Untracked 
| 133|0x0000000621400000, 0x0000000621400000, 0x0000000621800000|  0%| F|  |TAMS 0x0000000621400000, 0x0000000621400000| Untracked 
| 134|0x0000000621800000, 0x0000000621800000, 0x0000000621c00000|  0%| F|  |TAMS 0x0000000621800000, 0x0000000621800000| Untracked 
| 135|0x0000000621c00000, 0x0000000621c00000, 0x0000000622000000|  0%| F|  |TAMS 0x0000000621c00000, 0x0000000621c00000| Untracked 
| 136|0x0000000622000000, 0x0000000622000000, 0x0000000622400000|  0%| F|  |TAMS 0x0000000622000000, 0x0000000622000000| Untracked 
| 137|0x0000000622400000, 0x0000000622400000, 0x0000000622800000|  0%| F|  |TAMS 0x0000000622400000, 0x0000000622400000| Untracked 
| 138|0x0000000622800000, 0x0000000622800000, 0x0000000622c00000|  0%| F|  |TAMS 0x0000000622800000, 0x0000000622800000| Untracked 
| 139|0x0000000622c00000, 0x0000000622c00000, 0x0000000623000000|  0%| F|  |TAMS 0x0000000622c00000, 0x0000000622c00000| Untracked 
| 140|0x0000000623000000, 0x0000000623000000, 0x0000000623400000|  0%| F|  |TAMS 0x0000000623000000, 0x0000000623000000| Untracked 
| 141|0x0000000623400000, 0x0000000623400000, 0x0000000623800000|  0%| F|  |TAMS 0x0000000623400000, 0x0000000623400000| Untracked 
| 142|0x0000000623800000, 0x0000000623800000, 0x0000000623c00000|  0%| F|  |TAMS 0x0000000623800000, 0x0000000623800000| Untracked 
| 143|0x0000000623c00000, 0x0000000623c00000, 0x0000000624000000|  0%| F|  |TAMS 0x0000000623c00000, 0x0000000623c00000| Untracked 
| 144|0x0000000624000000, 0x0000000624000000, 0x0000000624400000|  0%| F|  |TAMS 0x0000000624000000, 0x0000000624000000| Untracked 
| 145|0x0000000624400000, 0x0000000624400000, 0x0000000624800000|  0%| F|  |TAMS 0x0000000624400000, 0x0000000624400000| Untracked 
| 146|0x0000000624800000, 0x0000000624800000, 0x0000000624c00000|  0%| F|  |TAMS 0x0000000624800000, 0x0000000624800000| Untracked 
| 147|0x0000000624c00000, 0x0000000624c00000, 0x0000000625000000|  0%| F|  |TAMS 0x0000000624c00000, 0x0000000624c00000| Untracked 
| 148|0x0000000625000000, 0x0000000625000000, 0x0000000625400000|  0%| F|  |TAMS 0x0000000625000000, 0x0000000625000000| Untracked 
| 149|0x0000000625400000, 0x0000000625400000, 0x0000000625800000|  0%| F|  |TAMS 0x0000000625400000, 0x0000000625400000| Untracked 
| 150|0x0000000625800000, 0x0000000625800000, 0x0000000625c00000|  0%| F|  |TAMS 0x0000000625800000, 0x0000000625800000| Untracked 
| 151|0x0000000625c00000, 0x0000000625c00000, 0x0000000626000000|  0%| F|  |TAMS 0x0000000625c00000, 0x0000000625c00000| Untracked 
| 152|0x0000000626000000, 0x0000000626000000, 0x0000000626400000|  0%| F|  |TAMS 0x0000000626000000, 0x0000000626000000| Untracked 
| 153|0x0000000626400000, 0x0000000626400000, 0x0000000626800000|  0%| F|  |TAMS 0x0000000626400000, 0x0000000626400000| Untracked 
| 154|0x0000000626800000, 0x0000000626800000, 0x0000000626c00000|  0%| F|  |TAMS 0x0000000626800000, 0x0000000626800000| Untracked 
| 155|0x0000000626c00000, 0x0000000626c00000, 0x0000000627000000|  0%| F|  |TAMS 0x0000000626c00000, 0x0000000626c00000| Untracked 
| 156|0x0000000627000000, 0x0000000627000000, 0x0000000627400000|  0%| F|  |TAMS 0x0000000627000000, 0x0000000627000000| Untracked 
| 157|0x0000000627400000, 0x0000000627400000, 0x0000000627800000|  0%| F|  |TAMS 0x0000000627400000, 0x0000000627400000| Untracked 
| 158|0x0000000627800000, 0x0000000627800000, 0x0000000627c00000|  0%| F|  |TAMS 0x0000000627800000, 0x0000000627800000| Untracked 
| 159|0x0000000627c00000, 0x0000000627c00000, 0x0000000628000000|  0%| F|  |TAMS 0x0000000627c00000, 0x0000000627c00000| Untracked 
| 160|0x0000000628000000, 0x0000000628000000, 0x0000000628400000|  0%| F|  |TAMS 0x0000000628000000, 0x0000000628000000| Untracked 
| 161|0x0000000628400000, 0x0000000628400000, 0x0000000628800000|  0%| F|  |TAMS 0x0000000628400000, 0x0000000628400000| Untracked 
| 162|0x0000000628800000, 0x0000000628800000, 0x0000000628c00000|  0%| F|  |TAMS 0x0000000628800000, 0x0000000628800000| Untracked 
| 163|0x0000000628c00000, 0x0000000628c00000, 0x0000000629000000|  0%| F|  |TAMS 0x0000000628c00000, 0x0000000628c00000| Untracked 
| 164|0x0000000629000000, 0x0000000629000000, 0x0000000629400000|  0%| F|  |TAMS 0x0000000629000000, 0x0000000629000000| Untracked 
| 165|0x0000000629400000, 0x0000000629400000, 0x0000000629800000|  0%| F|  |TAMS 0x0000000629400000, 0x0000000629400000| Untracked 
| 166|0x0000000629800000, 0x0000000629800000, 0x0000000629c00000|  0%| F|  |TAMS 0x0000000629800000, 0x0000000629800000| Untracked 
| 167|0x0000000629c00000, 0x0000000629c00000, 0x000000062a000000|  0%| F|  |TAMS 0x0000000629c00000, 0x0000000629c00000| Untracked 
| 168|0x000000062a000000, 0x000000062a000000, 0x000000062a400000|  0%| F|  |TAMS 0x000000062a000000, 0x000000062a000000| Untracked 
| 169|0x000000062a400000, 0x000000062a400000, 0x000000062a800000|  0%| F|  |TAMS 0x000000062a400000, 0x000000062a400000| Untracked 
| 170|0x000000062a800000, 0x000000062a800000, 0x000000062ac00000|  0%| F|  |TAMS 0x000000062a800000, 0x000000062a800000| Untracked 
| 171|0x000000062ac00000, 0x000000062ac00000, 0x000000062b000000|  0%| F|  |TAMS 0x000000062ac00000, 0x000000062ac00000| Untracked 
| 172|0x000000062b000000, 0x000000062b000000, 0x000000062b400000|  0%| F|  |TAMS 0x000000062b000000, 0x000000062b000000| Untracked 
| 173|0x000000062b400000, 0x000000062b400000, 0x000000062b800000|  0%| F|  |TAMS 0x000000062b400000, 0x000000062b400000| Untracked 
| 174|0x000000062b800000, 0x000000062b800000, 0x000000062bc00000|  0%| F|  |TAMS 0x000000062b800000, 0x000000062b800000| Untracked 
| 175|0x000000062bc00000, 0x000000062bc00000, 0x000000062c000000|  0%| F|  |TAMS 0x000000062bc00000, 0x000000062bc00000| Untracked 
| 176|0x000000062c000000, 0x000000062c000000, 0x000000062c400000|  0%| F|  |TAMS 0x000000062c000000, 0x000000062c000000| Untracked 
| 177|0x000000062c400000, 0x000000062c400000, 0x000000062c800000|  0%| F|  |TAMS 0x000000062c400000, 0x000000062c400000| Untracked 
| 178|0x000000062c800000, 0x000000062c800000, 0x000000062cc00000|  0%| F|  |TAMS 0x000000062c800000, 0x000000062c800000| Untracked 
| 179|0x000000062cc00000, 0x000000062cc00000, 0x000000062d000000|  0%| F|  |TAMS 0x000000062cc00000, 0x000000062cc00000| Untracked 
| 180|0x000000062d000000, 0x000000062d000000, 0x000000062d400000|  0%| F|  |TAMS 0x000000062d000000, 0x000000062d000000| Untracked 
| 181|0x000000062d400000, 0x000000062d400000, 0x000000062d800000|  0%| F|  |TAMS 0x000000062d400000, 0x000000062d400000| Untracked 
| 182|0x000000062d800000, 0x000000062d800000, 0x000000062dc00000|  0%| F|  |TAMS 0x000000062d800000, 0x000000062d800000| Untracked 
| 183|0x000000062dc00000, 0x000000062dc00000, 0x000000062e000000|  0%| F|  |TAMS 0x000000062dc00000, 0x000000062dc00000| Untracked 
| 184|0x000000062e000000, 0x000000062e000000, 0x000000062e400000|  0%| F|  |TAMS 0x000000062e000000, 0x000000062e000000| Untracked 
| 185|0x000000062e400000, 0x000000062e400000, 0x000000062e800000|  0%| F|  |TAMS 0x000000062e400000, 0x000000062e400000| Untracked 
| 186|0x000000062e800000, 0x000000062e800000, 0x000000062ec00000|  0%| F|  |TAMS 0x000000062e800000, 0x000000062e800000| Untracked 
| 187|0x000000062ec00000, 0x000000062ec00000, 0x000000062f000000|  0%| F|  |TAMS 0x000000062ec00000, 0x000000062ec00000| Untracked 
| 188|0x000000062f000000, 0x000000062f000000, 0x000000062f400000|  0%| F|  |TAMS 0x000000062f000000, 0x000000062f000000| Untracked 
| 189|0x000000062f400000, 0x000000062f400000, 0x000000062f800000|  0%| F|  |TAMS 0x000000062f400000, 0x000000062f400000| Untracked 
| 190|0x000000062f800000, 0x000000062f800000, 0x000000062fc00000|  0%| F|  |TAMS 0x000000062f800000, 0x000000062f800000| Untracked 
| 191|0x000000062fc00000, 0x000000062fc00000, 0x0000000630000000|  0%| F|  |TAMS 0x000000062fc00000, 0x000000062fc00000| Untracked 
| 192|0x0000000630000000, 0x0000000630000000, 0x0000000630400000|  0%| F|  |TAMS 0x0000000630000000, 0x0000000630000000| Untracked 
| 193|0x0000000630400000, 0x0000000630400000, 0x0000000630800000|  0%| F|  |TAMS 0x0000000630400000, 0x0000000630400000| Untracked 
| 194|0x0000000630800000, 0x0000000630800000, 0x0000000630c00000|  0%| F|  |TAMS 0x0000000630800000, 0x0000000630800000| Untracked 
| 195|0x0000000630c00000, 0x0000000630c00000, 0x0000000631000000|  0%| F|  |TAMS 0x0000000630c00000, 0x0000000630c00000| Untracked 
| 196|0x0000000631000000, 0x0000000631000000, 0x0000000631400000|  0%| F|  |TAMS 0x0000000631000000, 0x0000000631000000| Untracked 
| 197|0x0000000631400000, 0x0000000631400000, 0x0000000631800000|  0%| F|  |TAMS 0x0000000631400000, 0x0000000631400000| Untracked 
| 198|0x0000000631800000, 0x0000000631800000, 0x0000000631c00000|  0%| F|  |TAMS 0x0000000631800000, 0x0000000631800000| Untracked 
| 199|0x0000000631c00000, 0x0000000631c00000, 0x0000000632000000|  0%| F|  |TAMS 0x0000000631c00000, 0x0000000631c00000| Untracked 
| 200|0x0000000632000000, 0x0000000632000000, 0x0000000632400000|  0%| F|  |TAMS 0x0000000632000000, 0x0000000632000000| Untracked 
| 201|0x0000000632400000, 0x0000000632400000, 0x0000000632800000|  0%| F|  |TAMS 0x0000000632400000, 0x0000000632400000| Untracked 
| 202|0x0000000632800000, 0x0000000632800000, 0x0000000632c00000|  0%| F|  |TAMS 0x0000000632800000, 0x0000000632800000| Untracked 
| 203|0x0000000632c00000, 0x0000000632c00000, 0x0000000633000000|  0%| F|  |TAMS 0x0000000632c00000, 0x0000000632c00000| Untracked 
| 204|0x0000000633000000, 0x0000000633000000, 0x0000000633400000|  0%| F|  |TAMS 0x0000000633000000, 0x0000000633000000| Untracked 
| 205|0x0000000633400000, 0x0000000633400000, 0x0000000633800000|  0%| F|  |TAMS 0x0000000633400000, 0x0000000633400000| Untracked 
| 206|0x0000000633800000, 0x0000000633800000, 0x0000000633c00000|  0%| F|  |TAMS 0x0000000633800000, 0x0000000633800000| Untracked 
| 207|0x0000000633c00000, 0x0000000633c00000, 0x0000000634000000|  0%| F|  |TAMS 0x0000000633c00000, 0x0000000633c00000| Untracked 
| 208|0x0000000634000000, 0x0000000634000000, 0x0000000634400000|  0%| F|  |TAMS 0x0000000634000000, 0x0000000634000000| Untracked 
| 209|0x0000000634400000, 0x0000000634400000, 0x0000000634800000|  0%| F|  |TAMS 0x0000000634400000, 0x0000000634400000| Untracked 
| 210|0x0000000634800000, 0x0000000634800000, 0x0000000634c00000|  0%| F|  |TAMS 0x0000000634800000, 0x0000000634800000| Untracked 
| 211|0x0000000634c00000, 0x0000000634c00000, 0x0000000635000000|  0%| F|  |TAMS 0x0000000634c00000, 0x0000000634c00000| Untracked 
| 212|0x0000000635000000, 0x0000000635000000, 0x0000000635400000|  0%| F|  |TAMS 0x0000000635000000, 0x0000000635000000| Untracked 
| 213|0x0000000635400000, 0x0000000635400000, 0x0000000635800000|  0%| F|  |TAMS 0x0000000635400000, 0x0000000635400000| Untracked 
| 214|0x0000000635800000, 0x0000000635800000, 0x0000000635c00000|  0%| F|  |TAMS 0x0000000635800000, 0x0000000635800000| Untracked 
| 215|0x0000000635c00000, 0x0000000635c00000, 0x0000000636000000|  0%| F|  |TAMS 0x0000000635c00000, 0x0000000635c00000| Untracked 
| 216|0x0000000636000000, 0x0000000636000000, 0x0000000636400000|  0%| F|  |TAMS 0x0000000636000000, 0x0000000636000000| Untracked 
| 217|0x0000000636400000, 0x0000000636400000, 0x0000000636800000|  0%| F|  |TAMS 0x0000000636400000, 0x0000000636400000| Untracked 
| 218|0x0000000636800000, 0x0000000636800000, 0x0000000636c00000|  0%| F|  |TAMS 0x0000000636800000, 0x0000000636800000| Untracked 
| 219|0x0000000636c00000, 0x0000000636c00000, 0x0000000637000000|  0%| F|  |TAMS 0x0000000636c00000, 0x0000000636c00000| Untracked 
| 220|0x0000000637000000, 0x0000000637000000, 0x0000000637400000|  0%| F|  |TAMS 0x0000000637000000, 0x0000000637000000| Untracked 
| 221|0x0000000637400000, 0x0000000637400000, 0x0000000637800000|  0%| F|  |TAMS 0x0000000637400000, 0x0000000637400000| Untracked 
| 222|0x0000000637800000, 0x0000000637800000, 0x0000000637c00000|  0%| F|  |TAMS 0x0000000637800000, 0x0000000637800000| Untracked 
| 223|0x0000000637c00000, 0x0000000637c00000, 0x0000000638000000|  0%| F|  |TAMS 0x0000000637c00000, 0x0000000637c00000| Untracked 
| 224|0x0000000638000000, 0x0000000638000000, 0x0000000638400000|  0%| F|  |TAMS 0x0000000638000000, 0x0000000638000000| Untracked 
| 225|0x0000000638400000, 0x0000000638400000, 0x0000000638800000|  0%| F|  |TAMS 0x0000000638400000, 0x0000000638400000| Untracked 
| 226|0x0000000638800000, 0x0000000638800000, 0x0000000638c00000|  0%| F|  |TAMS 0x0000000638800000, 0x0000000638800000| Untracked 
| 227|0x0000000638c00000, 0x0000000638c00000, 0x0000000639000000|  0%| F|  |TAMS 0x0000000638c00000, 0x0000000638c00000| Untracked 
| 228|0x0000000639000000, 0x0000000639000000, 0x0000000639400000|  0%| F|  |TAMS 0x0000000639000000, 0x0000000639000000| Untracked 
| 229|0x0000000639400000, 0x0000000639400000, 0x0000000639800000|  0%| F|  |TAMS 0x0000000639400000, 0x0000000639400000| Untracked 
| 230|0x0000000639800000, 0x0000000639800000, 0x0000000639c00000|  0%| F|  |TAMS 0x0000000639800000, 0x0000000639800000| Untracked 
| 231|0x0000000639c00000, 0x0000000639c00000, 0x000000063a000000|  0%| F|  |TAMS 0x0000000639c00000, 0x0000000639c00000| Untracked 
| 232|0x000000063a000000, 0x000000063a000000, 0x000000063a400000|  0%| F|  |TAMS 0x000000063a000000, 0x000000063a000000| Untracked 
| 233|0x000000063a400000, 0x000000063a400000, 0x000000063a800000|  0%| F|  |TAMS 0x000000063a400000, 0x000000063a400000| Untracked 
| 234|0x000000063a800000, 0x000000063a800000, 0x000000063ac00000|  0%| F|  |TAMS 0x000000063a800000, 0x000000063a800000| Untracked 
| 235|0x000000063ac00000, 0x000000063ac00000, 0x000000063b000000|  0%| F|  |TAMS 0x000000063ac00000, 0x000000063ac00000| Untracked 
| 236|0x000000063b000000, 0x000000063b000000, 0x000000063b400000|  0%| F|  |TAMS 0x000000063b000000, 0x000000063b000000| Untracked 
| 237|0x000000063b400000, 0x000000063b400000, 0x000000063b800000|  0%| F|  |TAMS 0x000000063b400000, 0x000000063b400000| Untracked 
| 238|0x000000063b800000, 0x000000063b800000, 0x000000063bc00000|  0%| F|  |TAMS 0x000000063b800000, 0x000000063b800000| Untracked 
| 239|0x000000063bc00000, 0x000000063bc00000, 0x000000063c000000|  0%| F|  |TAMS 0x000000063bc00000, 0x000000063bc00000| Untracked 
| 240|0x000000063c000000, 0x000000063c000000, 0x000000063c400000|  0%| F|  |TAMS 0x000000063c000000, 0x000000063c000000| Untracked 
| 241|0x000000063c400000, 0x000000063c400000, 0x000000063c800000|  0%| F|  |TAMS 0x000000063c400000, 0x000000063c400000| Untracked 
| 242|0x000000063c800000, 0x000000063c800000, 0x000000063cc00000|  0%| F|  |TAMS 0x000000063c800000, 0x000000063c800000| Untracked 
| 243|0x000000063cc00000, 0x000000063cc00000, 0x000000063d000000|  0%| F|  |TAMS 0x000000063cc00000, 0x000000063cc00000| Untracked 
| 244|0x000000063d000000, 0x000000063d000000, 0x000000063d400000|  0%| F|  |TAMS 0x000000063d000000, 0x000000063d000000| Untracked 
| 245|0x000000063d400000, 0x000000063d400000, 0x000000063d800000|  0%| F|  |TAMS 0x000000063d400000, 0x000000063d400000| Untracked 
| 246|0x000000063d800000, 0x000000063d800000, 0x000000063dc00000|  0%| F|  |TAMS 0x000000063d800000, 0x000000063d800000| Untracked 
| 247|0x000000063dc00000, 0x000000063dc00000, 0x000000063e000000|  0%| F|  |TAMS 0x000000063dc00000, 0x000000063dc00000| Untracked 
| 248|0x000000063e000000, 0x000000063e000000, 0x000000063e400000|  0%| F|  |TAMS 0x000000063e000000, 0x000000063e000000| Untracked 
| 249|0x000000063e400000, 0x000000063e400000, 0x000000063e800000|  0%| F|  |TAMS 0x000000063e400000, 0x000000063e400000| Untracked 
| 250|0x000000063e800000, 0x000000063e800000, 0x000000063ec00000|  0%| F|  |TAMS 0x000000063e800000, 0x000000063e800000| Untracked 
| 251|0x000000063ec00000, 0x000000063ec00000, 0x000000063f000000|  0%| F|  |TAMS 0x000000063ec00000, 0x000000063ec00000| Untracked 
| 252|0x000000063f000000, 0x000000063f000000, 0x000000063f400000|  0%| F|  |TAMS 0x000000063f000000, 0x000000063f000000| Untracked 
| 253|0x000000063f400000, 0x000000063f400000, 0x000000063f800000|  0%| F|  |TAMS 0x000000063f400000, 0x000000063f400000| Untracked 
| 254|0x000000063f800000, 0x000000063f800000, 0x000000063fc00000|  0%| F|  |TAMS 0x000000063f800000, 0x000000063f800000| Untracked 
| 255|0x000000063fc00000, 0x000000063fc00000, 0x0000000640000000|  0%| F|  |TAMS 0x000000063fc00000, 0x000000063fc00000| Untracked 
| 256|0x0000000640000000, 0x0000000640000000, 0x0000000640400000|  0%| F|  |TAMS 0x0000000640000000, 0x0000000640000000| Untracked 
| 257|0x0000000640400000, 0x0000000640400000, 0x0000000640800000|  0%| F|  |TAMS 0x0000000640400000, 0x0000000640400000| Untracked 
| 258|0x0000000640800000, 0x0000000640800000, 0x0000000640c00000|  0%| F|  |TAMS 0x0000000640800000, 0x0000000640800000| Untracked 
| 259|0x0000000640c00000, 0x0000000640c00000, 0x0000000641000000|  0%| F|  |TAMS 0x0000000640c00000, 0x0000000640c00000| Untracked 
| 260|0x0000000641000000, 0x0000000641000000, 0x0000000641400000|  0%| F|  |TAMS 0x0000000641000000, 0x0000000641000000| Untracked 
| 261|0x0000000641400000, 0x0000000641400000, 0x0000000641800000|  0%| F|  |TAMS 0x0000000641400000, 0x0000000641400000| Untracked 
| 262|0x0000000641800000, 0x0000000641800000, 0x0000000641c00000|  0%| F|  |TAMS 0x0000000641800000, 0x0000000641800000| Untracked 
| 263|0x0000000641c00000, 0x0000000641c00000, 0x0000000642000000|  0%| F|  |TAMS 0x0000000641c00000, 0x0000000641c00000| Untracked 
| 264|0x0000000642000000, 0x0000000642000000, 0x0000000642400000|  0%| F|  |TAMS 0x0000000642000000, 0x0000000642000000| Untracked 
| 265|0x0000000642400000, 0x0000000642400000, 0x0000000642800000|  0%| F|  |TAMS 0x0000000642400000, 0x0000000642400000| Untracked 
| 266|0x0000000642800000, 0x0000000642800000, 0x0000000642c00000|  0%| F|  |TAMS 0x0000000642800000, 0x0000000642800000| Untracked 
| 267|0x0000000642c00000, 0x0000000642c00000, 0x0000000643000000|  0%| F|  |TAMS 0x0000000642c00000, 0x0000000642c00000| Untracked 
| 268|0x0000000643000000, 0x0000000643000000, 0x0000000643400000|  0%| F|  |TAMS 0x0000000643000000, 0x0000000643000000| Untracked 
| 269|0x0000000643400000, 0x0000000643400000, 0x0000000643800000|  0%| F|  |TAMS 0x0000000643400000, 0x0000000643400000| Untracked 
| 270|0x0000000643800000, 0x0000000643800000, 0x0000000643c00000|  0%| F|  |TAMS 0x0000000643800000, 0x0000000643800000| Untracked 
| 271|0x0000000643c00000, 0x0000000643c00000, 0x0000000644000000|  0%| F|  |TAMS 0x0000000643c00000, 0x0000000643c00000| Untracked 
| 272|0x0000000644000000, 0x0000000644000000, 0x0000000644400000|  0%| F|  |TAMS 0x0000000644000000, 0x0000000644000000| Untracked 
| 273|0x0000000644400000, 0x0000000644400000, 0x0000000644800000|  0%| F|  |TAMS 0x0000000644400000, 0x0000000644400000| Untracked 
| 274|0x0000000644800000, 0x0000000644800000, 0x0000000644c00000|  0%| F|  |TAMS 0x0000000644800000, 0x0000000644800000| Untracked 
| 275|0x0000000644c00000, 0x0000000644c00000, 0x0000000645000000|  0%| F|  |TAMS 0x0000000644c00000, 0x0000000644c00000| Untracked 
| 276|0x0000000645000000, 0x0000000645000000, 0x0000000645400000|  0%| F|  |TAMS 0x0000000645000000, 0x0000000645000000| Untracked 
| 277|0x0000000645400000, 0x0000000645400000, 0x0000000645800000|  0%| F|  |TAMS 0x0000000645400000, 0x0000000645400000| Untracked 
| 278|0x0000000645800000, 0x0000000645800000, 0x0000000645c00000|  0%| F|  |TAMS 0x0000000645800000, 0x0000000645800000| Untracked 
| 279|0x0000000645c00000, 0x0000000645c00000, 0x0000000646000000|  0%| F|  |TAMS 0x0000000645c00000, 0x0000000645c00000| Untracked 
| 280|0x0000000646000000, 0x0000000646000000, 0x0000000646400000|  0%| F|  |TAMS 0x0000000646000000, 0x0000000646000000| Untracked 
| 281|0x0000000646400000, 0x0000000646400000, 0x0000000646800000|  0%| F|  |TAMS 0x0000000646400000, 0x0000000646400000| Untracked 
| 282|0x0000000646800000, 0x0000000646800000, 0x0000000646c00000|  0%| F|  |TAMS 0x0000000646800000, 0x0000000646800000| Untracked 
| 283|0x0000000646c00000, 0x0000000646c00000, 0x0000000647000000|  0%| F|  |TAMS 0x0000000646c00000, 0x0000000646c00000| Untracked 
| 284|0x0000000647000000, 0x0000000647000000, 0x0000000647400000|  0%| F|  |TAMS 0x0000000647000000, 0x0000000647000000| Untracked 
| 285|0x0000000647400000, 0x0000000647400000, 0x0000000647800000|  0%| F|  |TAMS 0x0000000647400000, 0x0000000647400000| Untracked 
| 286|0x0000000647800000, 0x0000000647800000, 0x0000000647c00000|  0%| F|  |TAMS 0x0000000647800000, 0x0000000647800000| Untracked 
| 287|0x0000000647c00000, 0x0000000647c00000, 0x0000000648000000|  0%| F|  |TAMS 0x0000000647c00000, 0x0000000647c00000| Untracked 
| 288|0x0000000648000000, 0x0000000648000000, 0x0000000648400000|  0%| F|  |TAMS 0x0000000648000000, 0x0000000648000000| Untracked 
| 289|0x0000000648400000, 0x0000000648400000, 0x0000000648800000|  0%| F|  |TAMS 0x0000000648400000, 0x0000000648400000| Untracked 
| 290|0x0000000648800000, 0x0000000648800000, 0x0000000648c00000|  0%| F|  |TAMS 0x0000000648800000, 0x0000000648800000| Untracked 
| 291|0x0000000648c00000, 0x0000000648c00000, 0x0000000649000000|  0%| F|  |TAMS 0x0000000648c00000, 0x0000000648c00000| Untracked 
| 292|0x0000000649000000, 0x0000000649000000, 0x0000000649400000|  0%| F|  |TAMS 0x0000000649000000, 0x0000000649000000| Untracked 
| 293|0x0000000649400000, 0x0000000649400000, 0x0000000649800000|  0%| F|  |TAMS 0x0000000649400000, 0x0000000649400000| Untracked 
| 294|0x0000000649800000, 0x0000000649800000, 0x0000000649c00000|  0%| F|  |TAMS 0x0000000649800000, 0x0000000649800000| Untracked 
| 295|0x0000000649c00000, 0x0000000649c00000, 0x000000064a000000|  0%| F|  |TAMS 0x0000000649c00000, 0x0000000649c00000| Untracked 
| 296|0x000000064a000000, 0x000000064a000000, 0x000000064a400000|  0%| F|  |TAMS 0x000000064a000000, 0x000000064a000000| Untracked 
| 297|0x000000064a400000, 0x000000064a400000, 0x000000064a800000|  0%| F|  |TAMS 0x000000064a400000, 0x000000064a400000| Untracked 
| 298|0x000000064a800000, 0x000000064a800000, 0x000000064ac00000|  0%| F|  |TAMS 0x000000064a800000, 0x000000064a800000| Untracked 
| 299|0x000000064ac00000, 0x000000064ac00000, 0x000000064b000000|  0%| F|  |TAMS 0x000000064ac00000, 0x000000064ac00000| Untracked 
| 300|0x000000064b000000, 0x000000064b000000, 0x000000064b400000|  0%| F|  |TAMS 0x000000064b000000, 0x000000064b000000| Untracked 
| 301|0x000000064b400000, 0x000000064b400000, 0x000000064b800000|  0%| F|  |TAMS 0x000000064b400000, 0x000000064b400000| Untracked 
| 302|0x000000064b800000, 0x000000064b800000, 0x000000064bc00000|  0%| F|  |TAMS 0x000000064b800000, 0x000000064b800000| Untracked 
| 303|0x000000064bc00000, 0x000000064bc00000, 0x000000064c000000|  0%| F|  |TAMS 0x000000064bc00000, 0x000000064bc00000| Untracked 
| 304|0x000000064c000000, 0x000000064c000000, 0x000000064c400000|  0%| F|  |TAMS 0x000000064c000000, 0x000000064c000000| Untracked 
| 305|0x000000064c400000, 0x000000064c400000, 0x000000064c800000|  0%| F|  |TAMS 0x000000064c400000, 0x000000064c400000| Untracked 
| 306|0x000000064c800000, 0x000000064c800000, 0x000000064cc00000|  0%| F|  |TAMS 0x000000064c800000, 0x000000064c800000| Untracked 
| 307|0x000000064cc00000, 0x000000064cc00000, 0x000000064d000000|  0%| F|  |TAMS 0x000000064cc00000, 0x000000064cc00000| Untracked 
| 308|0x000000064d000000, 0x000000064d000000, 0x000000064d400000|  0%| F|  |TAMS 0x000000064d000000, 0x000000064d000000| Untracked 
| 309|0x000000064d400000, 0x000000064d400000, 0x000000064d800000|  0%| F|  |TAMS 0x000000064d400000, 0x000000064d400000| Untracked 
| 310|0x000000064d800000, 0x000000064d800000, 0x000000064dc00000|  0%| F|  |TAMS 0x000000064d800000, 0x000000064d800000| Untracked 
| 311|0x000000064dc00000, 0x000000064dc00000, 0x000000064e000000|  0%| F|  |TAMS 0x000000064dc00000, 0x000000064dc00000| Untracked 
| 312|0x000000064e000000, 0x000000064e000000, 0x000000064e400000|  0%| F|  |TAMS 0x000000064e000000, 0x000000064e000000| Untracked 

Card table byte_map: [0x000001cdd3570000,0x000001cdd4570000] _byte_map_base: 0x000001cdd0570000

Marking Bits (Prev, Next): (CMBitMap*) 0x000001cda8a4e0f0, (CMBitMap*) 0x000001cda8a4e0b0
 Prev Bits: [0x000001cddd570000, 0x000001cde5570000)
 Next Bits: [0x000001cdd5570000, 0x000001cddd570000)

Polling page: 0x000001cda8a50000

Metaspace:

Usage:
  Non-class:    170.52 MB used.
      Class:     24.94 MB used.
       Both:    195.46 MB used.

Virtual space:
  Non-class space:      192.00 MB reserved,     171.25 MB ( 89%) committed,  3 nodes.
      Class space:        1.00 GB reserved,      25.56 MB (  2%) committed,  1 nodes.
             Both:        1.19 GB reserved,     196.81 MB ( 16%) committed. 

Chunk freelists:
   Non-Class:  3.95 MB
       Class:  6.33 MB
        Both:  10.28 MB

MaxMetaspaceSize: 4.00 GB
CompressedClassSpaceSize: 1.00 GB
Initial GC threshold: 21.00 MB
Current GC threshold: 327.44 MB
CDS: on
MetaspaceReclaimPolicy: balanced
 - commit_granule_bytes: 65536.
 - commit_granule_words: 8192.
 - virtual_space_node_default_size: 8388608.
 - enlarge_chunks_in_place: 1.
 - new_chunks_are_fully_committed: 0.
 - uncommit_free_chunks: 1.
 - use_allocation_guard: 0.
 - handle_deallocations: 1.


Internal statistics:

num_allocs_failed_limit: 6.
num_arena_births: 2176.
num_arena_deaths: 14.
num_vsnodes_births: 4.
num_vsnodes_deaths: 0.
num_space_committed: 3147.
num_space_uncommitted: 0.
num_chunks_returned_to_freelist: 42.
num_chunks_taken_from_freelist: 10130.
num_chunk_merges: 7.
num_chunk_splits: 7163.
num_chunks_enlarged: 5315.
num_inconsistent_stats: 0.

CodeHeap 'non-profiled nmethods': size=259264Kb used=19030Kb max_used=19030Kb free=240233Kb
 bounds [0x000001cdc1ff0000, 0x000001cdc3290000, 0x000001cdd1d20000]
CodeHeap 'profiled nmethods': size=259264Kb used=53339Kb max_used=53339Kb free=205924Kb
 bounds [0x000001cdb1d20000, 0x000001cdb5140000, 0x000001cdc1a50000]
CodeHeap 'non-nmethods': size=5760Kb used=2049Kb max_used=2121Kb free=3710Kb
 bounds [0x000001cdc1a50000, 0x000001cdc1cc0000, 0x000001cdc1ff0000]
 total_blobs=27335 nmethods=26127 adapters=1116
 compilation: enabled
              stopped_count=0, restarted_count=0
 full_count=0

Compilation events (20 events):
Event: 572.124 Thread 0x000001cde57a2570 33038       4       org.gradle.internal.vfs.impl.DefaultSnapshotHierarchy::rootSnapshotsUnder (25 bytes)
Event: 572.149 Thread 0x000001cde57a2570 nmethod 33038 0x000001cdc3273510 code [0x000001cdc3273700, 0x000001cdc3273d68]
Event: 572.196 Thread 0x000001cde57a2570 33039       4       com.google.common.collect.CollectCollectors$$Lambda$331/0x000001cde9372318::apply (8 bytes)
Event: 572.209 Thread 0x000001cde57a2570 nmethod 33039 0x000001cdc3274390 code [0x000001cdc3274540, 0x000001cdc32749a8]
Event: 572.292 Thread 0x000001cde57a2570 33040       4       org.gradle.internal.vfs.impl.DefaultFileSystemAccess::snapshot (60 bytes)
Event: 573.215 Thread 0x000001cde57a2570 nmethod 33040 0x000001cdc3274d90 code [0x000001cdc3275380, 0x000001cdc327b448]
Event: 573.217 Thread 0x000001cde57a2570 33042       4       java.util.concurrent.FutureTask::report (37 bytes)
Event: 573.218 Thread 0x000001cde57a2570 nmethod 33042 0x000001cdc327f010 code [0x000001cdc327f1a0, 0x000001cdc327f238]
Event: 573.218 Thread 0x000001cde57a2570 33041       4       org.gradle.internal.vfs.impl.AbstractVirtualFileSystem::lambda$storeWithAction$1 (14 bytes)
Event: 573.234 Thread 0x000001cde57ab340 33043       3       org.gradle.api.internal.initialization.transform.InstrumentationArtifactMetadata::<init> (15 bytes)
Event: 573.234 Thread 0x000001cde57ab340 nmethod 33043 0x000001cdb1db2c10 code [0x000001cdb1db2dc0, 0x000001cdb1db2ff8]
Event: 573.250 Thread 0x000001cde57a2570 nmethod 33041 0x000001cdc327f310 code [0x000001cdc327f500, 0x000001cdc327fe48]
Event: 573.309 Thread 0x000001cde57a2570 33044       4       org.gradle.internal.fingerprint.impl.DefaultFileCollectionSnapshotter$SnapshottingVisitor::visitCollection (64 bytes)
Event: 573.392 Thread 0x000001cde57a2570 nmethod 33044 0x000001cdc3280790 code [0x000001cdc32809e0, 0x000001cdc3281cd0]
Event: 573.393 Thread 0x000001cde57a2570 33045       4       java.util.Random::next (47 bytes)
Event: 573.396 Thread 0x000001cde57a2570 nmethod 33045 0x000001cdc3282590 code [0x000001cdc3282720, 0x000001cdc3282838]
Event: 573.493 Thread 0x000001cde57a2570 33046   !   4       java.io.File::mkdirs (67 bytes)
Event: 573.517 Thread 0x000001cde57a2570 nmethod 33046 0x000001cdc3282910 code [0x000001cdc3282b40, 0x000001cdc3283400]
Event: 573.557 Thread 0x000001cde57a2570 33047       4       org.gradle.api.internal.changedetection.state.CachingFileHasher$FileInfoSerializer::write (10 bytes)
Event: 573.632 Thread 0x000001cde57a2570 nmethod 33047 0x000001cdc3283a90 code [0x000001cdc3283cc0, 0x000001cdc3284e90]

GC Heap History (20 events):
Event: 505.244 GC heap after
{Heap after GC invocations=100 (full 0):
 garbage-first heap   total 1282048K, used 317564K [0x0000000600000000, 0x0000000800000000)
  region size 4096K, 16 young (65536K), 16 survivors (65536K)
 Metaspace       used 199753K, committed 201152K, reserved 1245184K
  class space    used 25547K, committed 26176K, reserved 1048576K
}
Event: 509.065 GC heap before
{Heap before GC invocations=100 (full 0):
 garbage-first heap   total 1282048K, used 1013884K [0x0000000600000000, 0x0000000800000000)
  region size 4096K, 187 young (765952K), 16 survivors (65536K)
 Metaspace       used 199768K, committed 201152K, reserved 1245184K
  class space    used 25547K, committed 26176K, reserved 1048576K
}
Event: 509.424 GC heap after
{Heap after GC invocations=101 (full 0):
 garbage-first heap   total 1282048K, used 339253K [0x0000000600000000, 0x0000000800000000)
  region size 4096K, 18 young (73728K), 18 survivors (73728K)
 Metaspace       used 199768K, committed 201152K, reserved 1245184K
  class space    used 25547K, committed 26176K, reserved 1048576K
}
Event: 509.444 GC heap before
{Heap before GC invocations=101 (full 0):
 garbage-first heap   total 1282048K, used 343349K [0x0000000600000000, 0x0000000800000000)
  region size 4096K, 19 young (77824K), 18 survivors (73728K)
 Metaspace       used 199768K, committed 201152K, reserved 1245184K
  class space    used 25547K, committed 26176K, reserved 1048576K
}
Event: 509.858 GC heap after
{Heap after GC invocations=102 (full 0):
 garbage-first heap   total 1282048K, used 344693K [0x0000000600000000, 0x0000000800000000)
  region size 4096K, 2 young (8192K), 2 survivors (8192K)
 Metaspace       used 199768K, committed 201152K, reserved 1245184K
  class space    used 25547K, committed 26176K, reserved 1048576K
}
Event: 513.253 GC heap before
{Heap before GC invocations=102 (full 0):
 garbage-first heap   total 1282048K, used 1094261K [0x0000000600000000, 0x0000000800000000)
  region size 4096K, 185 young (757760K), 2 survivors (8192K)
 Metaspace       used 199772K, committed 201152K, reserved 1245184K
  class space    used 25547K, committed 26176K, reserved 1048576K
}
Event: 513.291 GC heap after
{Heap after GC invocations=103 (full 0):
 garbage-first heap   total 1282048K, used 344693K [0x0000000600000000, 0x0000000800000000)
  region size 4096K, 2 young (8192K), 2 survivors (8192K)
 Metaspace       used 199772K, committed 201152K, reserved 1245184K
  class space    used 25547K, committed 26176K, reserved 1048576K
}
Event: 516.827 GC heap before
{Heap before GC invocations=103 (full 0):
 garbage-first heap   total 1282048K, used 1102453K [0x0000000600000000, 0x0000000800000000)
  region size 4096K, 187 young (765952K), 2 survivors (8192K)
 Metaspace       used 199774K, committed 201152K, reserved 1245184K
  class space    used 25547K, committed 26176K, reserved 1048576K
}
Event: 516.854 GC heap after
{Heap after GC invocations=104 (full 0):
 garbage-first heap   total 1282048K, used 345963K [0x0000000600000000, 0x0000000800000000)
  region size 4096K, 3 young (12288K), 3 survivors (12288K)
 Metaspace       used 199774K, committed 201152K, reserved 1245184K
  class space    used 25547K, committed 26176K, reserved 1048576K
}
Event: 524.734 GC heap before
{Heap before GC invocations=105 (full 0):
 garbage-first heap   total 1282048K, used 1078166K [0x0000000600000000, 0x0000000800000000)
  region size 4096K, 187 young (765952K), 3 survivors (12288K)
 Metaspace       used 199640K, committed 201152K, reserved 1245184K
  class space    used 25499K, committed 26176K, reserved 1048576K
}
Event: 524.760 GC heap after
{Heap after GC invocations=106 (full 0):
 garbage-first heap   total 1282048K, used 321998K [0x0000000600000000, 0x0000000800000000)
  region size 4096K, 2 young (8192K), 2 survivors (8192K)
 Metaspace       used 199640K, committed 201152K, reserved 1245184K
  class space    used 25499K, committed 26176K, reserved 1048576K
}
Event: 524.960 GC heap before
{Heap before GC invocations=106 (full 0):
 garbage-first heap   total 1282048K, used 371150K [0x0000000600000000, 0x0000000800000000)
  region size 4096K, 15 young (61440K), 2 survivors (8192K)
 Metaspace       used 199640K, committed 201152K, reserved 1245184K
  class space    used 25499K, committed 26176K, reserved 1048576K
}
Event: 525.041 GC heap after
{Heap after GC invocations=107 (full 0):
 garbage-first heap   total 1282048K, used 298724K [0x0000000600000000, 0x0000000800000000)
  region size 4096K, 2 young (8192K), 2 survivors (8192K)
 Metaspace       used 199640K, committed 201152K, reserved 1245184K
  class space    used 25499K, committed 26176K, reserved 1048576K
}
Event: 529.241 GC heap before
{Heap before GC invocations=107 (full 0):
 garbage-first heap   total 1282048K, used 1056484K [0x0000000600000000, 0x0000000800000000)
  region size 4096K, 187 young (765952K), 2 survivors (8192K)
 Metaspace       used 199640K, committed 201152K, reserved 1245184K
  class space    used 25499K, committed 26176K, reserved 1048576K
}
Event: 529.261 GC heap after
{Heap after GC invocations=108 (full 0):
 garbage-first heap   total 1282048K, used 299516K [0x0000000600000000, 0x0000000800000000)
  region size 4096K, 2 young (8192K), 2 survivors (8192K)
 Metaspace       used 199640K, committed 201152K, reserved 1245184K
  class space    used 25499K, committed 26176K, reserved 1048576K
}
Event: 536.429 GC heap before
{Heap before GC invocations=109 (full 0):
 garbage-first heap   total 1282048K, used 1053180K [0x0000000600000000, 0x0000000800000000)
  region size 4096K, 187 young (765952K), 2 survivors (8192K)
 Metaspace       used 199642K, committed 201152K, reserved 1245184K
  class space    used 25499K, committed 26176K, reserved 1048576K
}
Event: 536.451 GC heap after
{Heap after GC invocations=110 (full 0):
 garbage-first heap   total 1282048K, used 301083K [0x0000000600000000, 0x0000000800000000)
  region size 4096K, 2 young (8192K), 2 survivors (8192K)
 Metaspace       used 199642K, committed 201152K, reserved 1245184K
  class space    used 25499K, committed 26176K, reserved 1048576K
}
Event: 536.977 GC heap before
{Heap before GC invocations=110 (full 0):
 garbage-first heap   total 1282048K, used 354331K [0x0000000600000000, 0x0000000800000000)
  region size 4096K, 15 young (61440K), 2 survivors (8192K)
 Metaspace       used 199643K, committed 201152K, reserved 1245184K
  class space    used 25499K, committed 26176K, reserved 1048576K
}
Event: 537.039 GC heap after
{Heap after GC invocations=111 (full 0):
 garbage-first heap   total 1282048K, used 288898K [0x0000000600000000, 0x0000000800000000)
  region size 4096K, 1 young (4096K), 1 survivors (4096K)
 Metaspace       used 199643K, committed 201152K, reserved 1245184K
  class space    used 25499K, committed 26176K, reserved 1048576K
}
Event: 573.931 GC heap before
{Heap before GC invocations=111 (full 0):
 garbage-first heap   total 1282048K, used 1046658K [0x0000000600000000, 0x0000000800000000)
  region size 4096K, 188 young (770048K), 1 survivors (4096K)
 Metaspace       used 200153K, committed 201536K, reserved 1245184K
  class space    used 25536K, committed 26176K, reserved 1048576K
}

Dll operation events (16 events):
Event: 0.045 Loaded shared library C:\Program Files\Eclipse Adoptium\jdk-17.0.19.10-hotspot\bin\java.dll
Event: 0.092 Loaded shared library C:\Program Files\Eclipse Adoptium\jdk-17.0.19.10-hotspot\bin\jsvml.dll
Event: 0.310 Loaded shared library C:\Program Files\Eclipse Adoptium\jdk-17.0.19.10-hotspot\bin\zip.dll
Event: 0.324 Loaded shared library C:\Program Files\Eclipse Adoptium\jdk-17.0.19.10-hotspot\bin\instrument.dll
Event: 0.338 Loaded shared library C:\Program Files\Eclipse Adoptium\jdk-17.0.19.10-hotspot\bin\net.dll
Event: 0.343 Loaded shared library C:\Program Files\Eclipse Adoptium\jdk-17.0.19.10-hotspot\bin\nio.dll
Event: 0.353 Loaded shared library C:\Program Files\Eclipse Adoptium\jdk-17.0.19.10-hotspot\bin\zip.dll
Event: 1.536 Loaded shared library C:\Program Files\Eclipse Adoptium\jdk-17.0.19.10-hotspot\bin\jimage.dll
Event: 2.586 Loaded shared library C:\Program Files\Eclipse Adoptium\jdk-17.0.19.10-hotspot\bin\verify.dll
Event: 2.742 Loaded shared library C:\Users\user\.gradle\native\1def1411415f61bf3af743bc5b6707747c0891f09f0c88961ee8f79bc544acac\windows-amd64\native-platform.dll
Event: 2.804 Loaded shared library C:\Users\user\.gradle\native\0.2.8\x86_64-windows-gnu\gradle-fileevents.dll
Event: 7.712 Loaded shared library C:\Program Files\Eclipse Adoptium\jdk-17.0.19.10-hotspot\bin\management.dll
Event: 7.723 Loaded shared library C:\Program Files\Eclipse Adoptium\jdk-17.0.19.10-hotspot\bin\management_ext.dll
Event: 8.419 Loaded shared library C:\Program Files\Eclipse Adoptium\jdk-17.0.19.10-hotspot\bin\extnet.dll
Event: 9.426 Loaded shared library C:\Program Files\Eclipse Adoptium\jdk-17.0.19.10-hotspot\bin\sunmscapi.dll
Event: 148.689 Loaded shared library C:\Users\user\AppData\Local\Temp\jna-3599307\jna7700236467988527426.dll

Deoptimization events (20 events):
Event: 540.878 Thread 0x000001ce2e9a8f30 Uncommon trap: trap_request=0xffffffbe fr.pc=0x000001cdc308aa04 relative=0x0000000000000544
Event: 540.878 Thread 0x000001ce2e9a8f30 Uncommon trap: reason=profile_predicate action=maybe_recompile pc=0x000001cdc308aa04 method=com.sun.crypto.provider.HmacCore.engineInit(Ljava/security/Key;Ljava/security/spec/AlgorithmParameterSpec;)V @ 88 c2
Event: 540.878 Thread 0x000001ce2e9a8f30 DEOPT PACKING pc=0x000001cdc308aa04 sp=0x00000058066f5b70
Event: 540.878 Thread 0x000001ce2e9a8f30 DEOPT UNPACKING pc=0x000001cdc1aa699e sp=0x00000058066f5b20 mode 2
Event: 541.268 Thread 0x000001ce310f40a0 DEOPT PACKING pc=0x000001cdb47ba1b7 sp=0x00000058099fba80
Event: 541.268 Thread 0x000001ce310f40a0 DEOPT UNPACKING pc=0x000001cdc1aa7125 sp=0x00000058099fafc0 mode 0
Event: 541.337 Thread 0x000001ce310f0e00 DEOPT PACKING pc=0x000001cdb47ba1b7 sp=0x00000058096fb1f0
Event: 541.337 Thread 0x000001ce310f0e00 DEOPT UNPACKING pc=0x000001cdc1aa7125 sp=0x00000058096fa718 mode 0
Event: 542.667 Thread 0x000001ce310eea90 DEOPT PACKING pc=0x000001cdb47ba1b7 sp=0x00000058097fba90
Event: 542.667 Thread 0x000001ce310eea90 DEOPT UNPACKING pc=0x000001cdc1aa7125 sp=0x00000058097fafb8 mode 0
Event: 543.116 Thread 0x000001ce310eea90 DEOPT PACKING pc=0x000001cdb482cdcc sp=0x00000058097fd730
Event: 543.116 Thread 0x000001ce310eea90 DEOPT UNPACKING pc=0x000001cdc1aa7125 sp=0x00000058097fcca0 mode 0
Event: 546.637 Thread 0x000001ce2e9a8f30 Uncommon trap: trap_request=0xffffff76 fr.pc=0x000001cdc27591d8 relative=0x0000000000000858
Event: 546.637 Thread 0x000001ce2e9a8f30 Uncommon trap: reason=predicate action=maybe_recompile pc=0x000001cdc27591d8 method=com.sun.org.apache.xerces.internal.impl.XMLEntityScanner.scanData(Ljava/lang/String;Lcom/sun/org/apache/xerces/internal/util/XMLStringBuffer;I)Z @ 394 c2
Event: 546.637 Thread 0x000001ce2e9a8f30 DEOPT PACKING pc=0x000001cdc27591d8 sp=0x00000058066f5680
Event: 546.637 Thread 0x000001ce2e9a8f30 DEOPT UNPACKING pc=0x000001cdc1aa699e sp=0x00000058066f5630 mode 2
Event: 549.153 Thread 0x000001ce2e9a8f30 Uncommon trap: trap_request=0xffffffde fr.pc=0x000001cdc2b998fc relative=0x000000000000051c
Event: 549.153 Thread 0x000001ce2e9a8f30 Uncommon trap: reason=class_check action=maybe_recompile pc=0x000001cdc2b998fc method=org.gradle.internal.serialize.AbstractCollectionSerializer.write(Lorg/gradle/internal/serialize/Encoder;Ljava/util/Collection;)V @ 7 c2
Event: 549.153 Thread 0x000001ce2e9a8f30 DEOPT PACKING pc=0x000001cdc2b998fc sp=0x00000058066f8b70
Event: 549.153 Thread 0x000001ce2e9a8f30 DEOPT UNPACKING pc=0x000001cdc1aa699e sp=0x00000058066f8b50 mode 2

Classes loaded (20 events):
Event: 450.809 Loading class java/lang/invoke/BoundMethodHandle$Species_LLLLILLLLLL
Event: 450.809 Loading class java/lang/invoke/BoundMethodHandle$Species_LLLLILLLLLL done
Event: 450.925 Loading class java/lang/EnumBeanInfo
Event: 450.925 Loading class java/lang/EnumBeanInfo done
Event: 450.926 Loading class java/lang/EnumBeanInfo
Event: 450.926 Loading class java/lang/EnumBeanInfo done
Event: 450.926 Loading class java/lang/EnumCustomizer
Event: 450.926 Loading class java/lang/EnumCustomizer done
Event: 450.928 Loading class java/lang/EnumCustomizer
Event: 450.928 Loading class java/lang/EnumCustomizer done
Event: 451.283 Loading class java/beans/IntrospectionException
Event: 451.285 Loading class java/beans/IntrospectionException done
Event: 455.121 Loading class java/lang/BooleanBeanInfo
Event: 455.121 Loading class java/lang/BooleanBeanInfo done
Event: 455.122 Loading class java/lang/BooleanBeanInfo
Event: 455.122 Loading class java/lang/BooleanBeanInfo done
Event: 455.123 Loading class java/lang/BooleanCustomizer
Event: 455.123 Loading class java/lang/BooleanCustomizer done
Event: 455.124 Loading class java/lang/BooleanCustomizer
Event: 455.124 Loading class java/lang/BooleanCustomizer done

Classes unloaded (20 events):
Event: 519.358 Thread 0x000001cde57826b0 Unloading class 0x000001cdea98f7d0 '_BuildScript_$_run_closure2$_closure4'
Event: 519.358 Thread 0x000001cde57826b0 Unloading class 0x000001cdea98f3e8 '_BuildScript_$_run_closure2'
Event: 519.358 Thread 0x000001cde57826b0 Unloading class 0x000001cdea98f000 '_BuildScript_$_run_closure1$_closure3'
Event: 519.358 Thread 0x000001cde57826b0 Unloading class 0x000001cdea98e400 '_BuildScript_$_run_closure1'
Event: 519.358 Thread 0x000001cde57826b0 Unloading class 0x000001cdea98e800 '_BuildScript_'
Event: 519.358 Thread 0x000001cde57826b0 Unloading class 0x000001cdea98c8e0 '_BuildScript_$_run_closure1$_closure2'
Event: 519.358 Thread 0x000001cde57826b0 Unloading class 0x000001cdea98c4f8 '_BuildScript_$_run_closure1'
Event: 519.358 Thread 0x000001cde57826b0 Unloading class 0x000001cdea98c000 '_BuildScript_'
Event: 519.358 Thread 0x000001cde57826b0 Unloading class 0x000001cdea940fa0 '_BuildScript_$_run_closure3'
Event: 519.358 Thread 0x000001cde57826b0 Unloading class 0x000001cdea940bb8 '_BuildScript_$_run_closure2$_closure7'
Event: 519.358 Thread 0x000001cde57826b0 Unloading class 0x000001cdea9407d0 '_BuildScript_$_run_closure2$_closure6'
Event: 519.358 Thread 0x000001cde57826b0 Unloading class 0x000001cdea9403e8 '_BuildScript_$_run_closure2$_closure5'
Event: 519.358 Thread 0x000001cde57826b0 Unloading class 0x000001cdea940000 '_BuildScript_$_run_closure2'
Event: 519.358 Thread 0x000001cde57826b0 Unloading class 0x000001cdea9398e0 '_BuildScript_$_run_closure1$_closure4'
Event: 519.358 Thread 0x000001cde57826b0 Unloading class 0x000001cdea9394f8 '_BuildScript_$_run_closure1'
Event: 519.358 Thread 0x000001cde57826b0 Unloading class 0x000001cdea939000 '_BuildScript_'
Event: 519.358 Thread 0x000001cde57826b0 Unloading class 0x000001cdea8cc7d0 '_BuildScript_$_run_closure1$_closure3'
Event: 519.359 Thread 0x000001cde57826b0 Unloading class 0x000001cdea8cc3e8 '_BuildScript_$_run_closure1$_closure2'
Event: 519.359 Thread 0x000001cde57826b0 Unloading class 0x000001cdea8cc000 '_BuildScript_$_run_closure1'
Event: 519.359 Thread 0x000001cde57826b0 Unloading class 0x000001cdea8c0800 '_BuildScript_'

Classes redefined (0 events):
No events

Internal exceptions (20 events):
Event: 539.642 Thread 0x000001ce3040ed60 Exception <a 'sun/nio/fs/WindowsException'{0x000000063f6923c0}> (0x000000063f6923c0) 
thrown [s\src\hotspot\share\prims\jni.cpp, line 516]
Event: 539.650 Thread 0x000001ce3040ed60 Exception <a 'sun/nio/fs/WindowsException'{0x000000063f69e690}> (0x000000063f69e690) 
thrown [s\src\hotspot\share\prims\jni.cpp, line 516]
Event: 539.683 Thread 0x000001ce2e9a8f30 Exception <a 'java/lang/ClassNotFoundException'{0x000000063f46d628}: build_bqnzxjfnnfq1kb55zggl1fkz2BeanInfo> (0x000000063f46d628) 
thrown [s\src\hotspot\share\classfile\systemDictionary.cpp, line 256]
Event: 539.685 Thread 0x000001ce2e9a8f30 Exception <a 'java/lang/ClassNotFoundException'{0x000000063f474ca0}: build_bqnzxjfnnfq1kb55zggl1fkz2Customizer> (0x000000063f474ca0) 
thrown [s\src\hotspot\share\classfile\systemDictionary.cpp, line 256]
Event: 539.975 Thread 0x000001ce2e9a8f30 Exception <a 'java/lang/ClassNotFoundException'{0x000000063f1826e8}: org/jetbrains/kotlin/gradle/plugin/DeprecatedKotlinJvmOptionsBeanInfo> (0x000000063f1826e8) 
thrown [s\src\hotspot\share\classfile\systemDictionary.cpp, line 256]
Event: 539.978 Thread 0x000001ce2e9a8f30 Exception <a 'java/lang/ClassNotFoundException'{0x000000063f1911c0}: org/jetbrains/kotlin/gradle/plugin/DeprecatedKotlinJvmOptionsCustomizer> (0x000000063f1911c0) 
thrown [s\src\hotspot\share\classfile\systemDictionary.cpp, line 256]
Event: 540.701 Thread 0x000001ce2e9a8f30 Exception <a 'sun/nio/fs/WindowsException'{0x000000063df60dd8}> (0x000000063df60dd8) 
thrown [s\src\hotspot\share\prims\jni.cpp, line 516]
Event: 540.702 Thread 0x000001ce2e9a8f30 Exception <a 'sun/nio/fs/WindowsException'{0x000000063df62710}> (0x000000063df62710) 
thrown [s\src\hotspot\share\prims\jni.cpp, line 516]
Event: 540.706 Thread 0x000001ce2e9a8f30 Exception <a 'sun/nio/fs/WindowsException'{0x000000063df728a0}> (0x000000063df728a0) 
thrown [s\src\hotspot\share\prims\jni.cpp, line 516]
Event: 540.710 Thread 0x000001ce2e9a8f30 Exception <a 'sun/nio/fs/WindowsException'{0x000000063df82450}> (0x000000063df82450) 
thrown [s\src\hotspot\share\prims\jni.cpp, line 516]
Event: 540.715 Thread 0x000001ce2e9a8f30 Exception <a 'sun/nio/fs/WindowsException'{0x000000063df92760}> (0x000000063df92760) 
thrown [s\src\hotspot\share\prims\jni.cpp, line 516]
Event: 540.719 Thread 0x000001ce2e9a8f30 Exception <a 'sun/nio/fs/WindowsException'{0x000000063df9b1e0}> (0x000000063df9b1e0) 
thrown [s\src\hotspot\share\prims\jni.cpp, line 516]
Event: 540.749 Thread 0x000001ce4fa8ef70 Exception <a 'sun/nio/fs/WindowsException'{0x000000063d815fa8}> (0x000000063d815fa8) 
thrown [s\src\hotspot\share\prims\jni.cpp, line 516]
Event: 540.750 Thread 0x000001ce4fa8ef70 Exception <a 'sun/nio/fs/WindowsException'{0x000000063d816600}> (0x000000063d816600) 
thrown [s\src\hotspot\share\prims\jni.cpp, line 516]
Event: 540.754 Thread 0x000001ce4fa8ef70 Exception <a 'sun/nio/fs/WindowsException'{0x000000063d8246d8}> (0x000000063d8246d8) 
thrown [s\src\hotspot\share\prims\jni.cpp, line 516]
Event: 540.758 Thread 0x000001ce4fa8ef70 Exception <a 'sun/nio/fs/WindowsException'{0x000000063d8321b0}> (0x000000063d8321b0) 
thrown [s\src\hotspot\share\prims\jni.cpp, line 516]
Event: 540.763 Thread 0x000001ce4fa8ef70 Exception <a 'sun/nio/fs/WindowsException'{0x000000063d840618}> (0x000000063d840618) 
thrown [s\src\hotspot\share\prims\jni.cpp, line 516]
Event: 540.767 Thread 0x000001ce4fa8ef70 Exception <a 'sun/nio/fs/WindowsException'{0x000000063d8494f8}> (0x000000063d8494f8) 
thrown [s\src\hotspot\share\prims\jni.cpp, line 516]
Event: 540.788 Thread 0x000001ce2e9a8f30 Exception <a 'java/lang/ClassNotFoundException'{0x000000063dff3d38}: build_f07uandb4d2xlg65l5rmjkjdaBeanInfo> (0x000000063dff3d38) 
thrown [s\src\hotspot\share\classfile\systemDictionary.cpp, line 256]
Event: 540.790 Thread 0x000001ce2e9a8f30 Exception <a 'java/lang/ClassNotFoundException'{0x000000063dffb420}: build_f07uandb4d2xlg65l5rmjkjdaCustomizer> (0x000000063dffb420) 
thrown [s\src\hotspot\share\classfile\systemDictionary.cpp, line 256]

VM Operations (20 events):
Event: 549.037 Executing VM operation: Cleanup done
Event: 550.038 Executing VM operation: Cleanup
Event: 550.047 Executing VM operation: Cleanup done
Event: 552.049 Executing VM operation: Cleanup
Event: 552.050 Executing VM operation: Cleanup done
Event: 558.056 Executing VM operation: Cleanup
Event: 558.056 Executing VM operation: Cleanup done
Event: 561.058 Executing VM operation: Cleanup
Event: 561.058 Executing VM operation: Cleanup done
Event: 562.059 Executing VM operation: Cleanup
Event: 562.059 Executing VM operation: Cleanup done
Event: 567.064 Executing VM operation: Cleanup
Event: 567.064 Executing VM operation: Cleanup done
Event: 572.069 Executing VM operation: Cleanup
Event: 572.069 Executing VM operation: Cleanup done
Event: 573.070 Executing VM operation: Cleanup
Event: 573.070 Executing VM operation: Cleanup done
Event: 573.930 Executing VM operation: G1CollectForAllocation
Event: 573.930 Executing VM operation: G1CollectForAllocation done
Event: 573.930 Executing VM operation: G1CollectForAllocation

Memory protections (0 events):
No events

Nmethod flushes (20 events):
Event: 511.121 Thread 0x000001cde57b69b0 flushing  nmethod 0x000001cdb4bb9990
Event: 511.123 Thread 0x000001cde57b69b0 flushing  nmethod 0x000001cdb4ce9410
Event: 511.124 Thread 0x000001cde57b69b0 flushing  nmethod 0x000001cdb4da5e10
Event: 511.125 Thread 0x000001cde57b69b0 flushing  nmethod 0x000001cdb4e3c490
Event: 511.125 Thread 0x000001cde57b69b0 flushing  nmethod 0x000001cdb4e41990
Event: 511.125 Thread 0x000001cde57b69b0 flushing  nmethod 0x000001cdb4e8e310
Event: 511.125 Thread 0x000001cde57b69b0 flushing  nmethod 0x000001cdb4e8e990
Event: 511.126 Thread 0x000001cde57b69b0 flushing  nmethod 0x000001cdb4eb5110
Event: 511.126 Thread 0x000001cde57b69b0 flushing  nmethod 0x000001cdb4ec9e90
Event: 511.126 Thread 0x000001cde57b69b0 flushing  nmethod 0x000001cdb4ece490
Event: 511.128 Thread 0x000001cde57b69b0 flushing  nmethod 0x000001cdb50a5590
Event: 511.128 Thread 0x000001cde57b69b0 flushing  nmethod 0x000001cdb50a7f10
Event: 511.128 Thread 0x000001cde57b69b0 flushing  nmethod 0x000001cdb50a8310
Event: 511.128 Thread 0x000001cde57b69b0 flushing  nmethod 0x000001cdb50b6d10
Event: 535.293 Thread 0x000001cde57b69b0 flushing  nmethod 0x000001cdc2f0c410
Event: 535.293 Thread 0x000001cde57b69b0 flushing  nmethod 0x000001cdc2f18e90
Event: 535.293 Thread 0x000001cde57b69b0 flushing  nmethod 0x000001cdc2f4c110
Event: 535.309 Thread 0x000001cde57b69b0 flushing  nmethod 0x000001cdb26dcc10
Event: 535.311 Thread 0x000001cde57b69b0 flushing  nmethod 0x000001cdb2887310
Event: 535.373 Thread 0x000001cde57b69b0 flushing osr nmethod 0x000001cdb4c23a10

Events (20 events):
Event: 346.330 Thread 0x000001ce2e9a8f30 Thread added: 0x000001ce4fa8e040
Event: 346.331 Thread 0x000001ce2e9a8f30 Thread added: 0x000001ce4fa908c0
Event: 347.746 Thread 0x000001ce44c71660 Thread exited: 0x000001ce44c71660
Event: 349.685 Thread 0x000001cde57ab340 Thread added: 0x000001ce44c75b70
Event: 350.389 Thread 0x000001ce44c75b70 Thread exited: 0x000001ce44c75b70
Event: 401.525 Thread 0x000001cde57ab340 Thread added: 0x000001ce44c72650
Event: 414.819 Thread 0x000001ce44c72650 Thread exited: 0x000001ce44c72650
Event: 421.874 Thread 0x000001cde57ab340 Thread added: 0x000001ce44c6fbd0
Event: 436.298 Thread 0x000001ce44c6fbd0 Thread exited: 0x000001ce44c6fbd0
Event: 438.033 Thread 0x000001cde57a2570 Thread added: 0x000001ce44c72ba0
Event: 438.859 Thread 0x000001ce44c72ba0 Thread exited: 0x000001ce44c72ba0
Event: 445.663 Thread 0x000001cde57ab340 Thread added: 0x000001ce44c72650
Event: 446.066 Thread 0x000001ce44c72650 Thread exited: 0x000001ce44c72650
Event: 448.582 Thread 0x000001cde57ab340 Thread added: 0x000001ce44c71bb0
Event: 449.294 Thread 0x000001ce2e9a8f30 Thread added: 0x000001ce310ed650
Event: 459.955 Thread 0x000001ce44c71bb0 Thread exited: 0x000001ce44c71bb0
Event: 461.511 Thread 0x000001cde57ab340 Thread added: 0x000001ce44c72ba0
Event: 462.233 Thread 0x000001ce44c72ba0 Thread exited: 0x000001ce44c72ba0
Event: 462.994 Thread 0x000001cde57ab340 Thread added: 0x000001ce44c770b0
Event: 464.528 Thread 0x000001ce44c770b0 Thread exited: 0x000001ce44c770b0


Dynamic libraries:
0x00007ff74da40000 - 0x00007ff74da4e000 	C:\Program Files\Eclipse Adoptium\jdk-17.0.19.10-hotspot\bin\java.exe
0x00007ffdc0940000 - 0x00007ffdc0b2f000 	C:\Windows\SYSTEM32\ntdll.dll
0x00007ffdbddd0000 - 0x00007ffdbde83000 	C:\Windows\System32\KERNEL32.DLL
0x00007ffdbce00000 - 0x00007ffdbd09e000 	C:\Windows\System32\KERNELBASE.dll
0x00007ffdbcc30000 - 0x00007ffdbcd2a000 	C:\Windows\System32\ucrtbase.dll
0x00007ffda8c30000 - 0x00007ffda8c48000 	C:\Program Files\Eclipse Adoptium\jdk-17.0.19.10-hotspot\bin\jli.dll
0x00007ffda8c10000 - 0x00007ffda8c2e000 	C:\Program Files\Eclipse Adoptium\jdk-17.0.19.10-hotspot\bin\VCRUNTIME140.dll
0x00007ffdbe920000 - 0x00007ffdbeab7000 	C:\Windows\System32\USER32.dll
0x00007ffdbcc10000 - 0x00007ffdbcc30000 	C:\Windows\System32\win32u.dll
0x00007ffdaf5f0000 - 0x00007ffdaf869000 	C:\Windows\WinSxS\amd64_microsoft.windows.common-controls_6595b64144ccf1df_6.0.17763.8880_none_de75f0f45346f6c4\COMCTL32.dll
0x00007ffdbde90000 - 0x00007ffdbdeb9000 	C:\Windows\System32\GDI32.dll
0x00007ffdbca60000 - 0x00007ffdbcc0c000 	C:\Windows\System32\gdi32full.dll
0x00007ffdbeac0000 - 0x00007ffdbeb5e000 	C:\Windows\System32\msvcrt.dll
0x00007ffdbcd30000 - 0x00007ffdbcdd0000 	C:\Windows\System32\msvcp_win.dll
0x00007ffdbe590000 - 0x00007ffdbe8bc000 	C:\Windows\System32\combase.dll
0x00007ffdc04a0000 - 0x00007ffdc05ba000 	C:\Windows\System32\RPCRT4.dll
0x00007ffdbd380000 - 0x00007ffdbd402000 	C:\Windows\System32\bcryptPrimitives.dll
0x00007ffdbeb60000 - 0x00007ffdbeb8e000 	C:\Windows\System32\IMM32.DLL
0x00007ffdb6bd0000 - 0x00007ffdb6bdc000 	C:\Program Files\Eclipse Adoptium\jdk-17.0.19.10-hotspot\bin\vcruntime140_1.dll
0x00007ffd90c30000 - 0x00007ffd90cbd000 	C:\Program Files\Eclipse Adoptium\jdk-17.0.19.10-hotspot\bin\msvcp140.dll
0x00007ffd6aef0000 - 0x00007ffd6bb5c000 	C:\Program Files\Eclipse Adoptium\jdk-17.0.19.10-hotspot\bin\server\jvm.dll
0x00007ffdc03f0000 - 0x00007ffdc0499000 	C:\Windows\System32\ADVAPI32.dll
0x00007ffdbdd20000 - 0x00007ffdbddc2000 	C:\Windows\System32\sechost.dll
0x00007ffdbcdd0000 - 0x00007ffdbcdf6000 	C:\Windows\System32\bcrypt.dll
0x00007ffdbc910000 - 0x00007ffdbc96d000 	C:\Windows\System32\POWRPROF.dll
0x00007ffdc0380000 - 0x00007ffdc03ed000 	C:\Windows\System32\WS2_32.dll
0x00007ffdb9910000 - 0x00007ffdb9934000 	C:\Windows\SYSTEM32\WINMM.dll
0x00007ffdb4070000 - 0x00007ffdb407a000 	C:\Windows\SYSTEM32\VERSION.dll
0x00007ffdb98e0000 - 0x00007ffdb990d000 	C:\Windows\SYSTEM32\WINMMBASE.dll
0x00007ffdbd2c0000 - 0x00007ffdbd30a000 	C:\Windows\System32\cfgmgr32.dll
0x00007ffdbc970000 - 0x00007ffdbc981000 	C:\Windows\System32\kernel.appcore.dll
0x00007ffdb6b90000 - 0x00007ffdb6b9a000 	C:\Program Files\Eclipse Adoptium\jdk-17.0.19.10-hotspot\bin\jimage.dll
0x00007ffdacc20000 - 0x00007ffdace0d000 	C:\Windows\SYSTEM32\DBGHELP.DLL
0x00007ffda92e0000 - 0x00007ffda930a000 	C:\Windows\SYSTEM32\dbgcore.DLL
0x00007ffdad690000 - 0x00007ffdad69e000 	C:\Program Files\Eclipse Adoptium\jdk-17.0.19.10-hotspot\bin\instrument.dll
0x00007ffd9ce40000 - 0x00007ffd9ce65000 	C:\Program Files\Eclipse Adoptium\jdk-17.0.19.10-hotspot\bin\java.dll
0x00007ffd8b990000 - 0x00007ffd8ba67000 	C:\Program Files\Eclipse Adoptium\jdk-17.0.19.10-hotspot\bin\jsvml.dll
0x00007ffdbed10000 - 0x00007ffdc0209000 	C:\Windows\System32\SHELL32.dll
0x00007ffdbec60000 - 0x00007ffdbed08000 	C:\Windows\System32\shcore.dll
0x00007ffdbd410000 - 0x00007ffdbdb59000 	C:\Windows\System32\windows.storage.dll
0x00007ffdbc8c0000 - 0x00007ffdbc8e3000 	C:\Windows\System32\profapi.dll
0x00007ffdbe8c0000 - 0x00007ffdbe916000 	C:\Windows\System32\shlwapi.dll
0x00007ffdbc990000 - 0x00007ffdbc9ab000 	C:\Windows\System32\cryptsp.dll
0x00007ffd998e0000 - 0x00007ffd998f8000 	C:\Program Files\Eclipse Adoptium\jdk-17.0.19.10-hotspot\bin\zip.dll
0x00007ffda8bf0000 - 0x00007ffda8c0a000 	C:\Program Files\Eclipse Adoptium\jdk-17.0.19.10-hotspot\bin\net.dll
0x00007ffdb0910000 - 0x00007ffdb0a0d000 	C:\Windows\SYSTEM32\WINHTTP.dll
0x00007ffdbc0d0000 - 0x00007ffdbc137000 	C:\Windows\system32\mswsock.dll
0x00007ffda0c00000 - 0x00007ffda0c16000 	C:\Program Files\Eclipse Adoptium\jdk-17.0.19.10-hotspot\bin\nio.dll
0x00007ffdb1c50000 - 0x00007ffdb1c60000 	C:\Program Files\Eclipse Adoptium\jdk-17.0.19.10-hotspot\bin\verify.dll
0x00007ffd928a0000 - 0x00007ffd928c7000 	C:\Users\user\.gradle\native\1def1411415f61bf3af743bc5b6707747c0891f09f0c88961ee8f79bc544acac\windows-amd64\native-platform.dll
0x00007ffd8d300000 - 0x00007ffd8d377000 	C:\Users\user\.gradle\native\0.2.8\x86_64-windows-gnu\gradle-fileevents.dll
0x00007ffdae5a0000 - 0x00007ffdae5aa000 	C:\Program Files\Eclipse Adoptium\jdk-17.0.19.10-hotspot\bin\management.dll
0x00007ffdad8b0000 - 0x00007ffdad8bc000 	C:\Program Files\Eclipse Adoptium\jdk-17.0.19.10-hotspot\bin\management_ext.dll
0x00007ffdbdec0000 - 0x00007ffdbdec8000 	C:\Windows\System32\PSAPI.DLL
0x00007ffdbbdc0000 - 0x00007ffdbbdfd000 	C:\Windows\SYSTEM32\IPHLPAPI.DLL
0x00007ffdc0900000 - 0x00007ffdc0908000 	C:\Windows\System32\NSI.dll
0x00007ffdb5230000 - 0x00007ffdb5246000 	C:\Windows\SYSTEM32\dhcpcsvc6.DLL
0x00007ffdb5170000 - 0x00007ffdb518c000 	C:\Windows\SYSTEM32\dhcpcsvc.DLL
0x00007ffdbbe00000 - 0x00007ffdbbec6000 	C:\Windows\SYSTEM32\DNSAPI.dll
0x00007ffdb18b0000 - 0x00007ffdb18b9000 	C:\Program Files\Eclipse Adoptium\jdk-17.0.19.10-hotspot\bin\extnet.dll
0x00007ffdbbbf0000 - 0x00007ffdbbc23000 	C:\Windows\system32\rsaenh.dll
0x00007ffdbc7c0000 - 0x00007ffdbc7e9000 	C:\Windows\SYSTEM32\USERENV.dll
0x00007ffdbc2d0000 - 0x00007ffdbc2dc000 	C:\Windows\SYSTEM32\CRYPTBASE.dll
0x00007ffdb1a70000 - 0x00007ffdb1a7e000 	C:\Program Files\Eclipse Adoptium\jdk-17.0.19.10-hotspot\bin\sunmscapi.dll
0x00007ffdbd0a0000 - 0x00007ffdbd2b6000 	C:\Windows\System32\CRYPT32.dll
0x00007ffdbc8f0000 - 0x00007ffdbc902000 	C:\Windows\System32\MSASN1.dll
0x00007ffdbc3d0000 - 0x00007ffdbc3fc000 	C:\Windows\SYSTEM32\ncrypt.dll
0x00007ffdbc390000 - 0x00007ffdbc3cc000 	C:\Windows\SYSTEM32\NTASN1.dll
0x00007ffdb1a40000 - 0x00007ffdb1a47000 	C:\Windows\system32\wshunix.dll
0x00007ffdb02f0000 - 0x00007ffdb02fa000 	C:\Windows\System32\rasadhlp.dll
0x00007ffdb3370000 - 0x00007ffdb33e9000 	C:\Windows\System32\fwpuclnt.dll
0x00007ffd8bf00000 - 0x00007ffd8bf41000 	C:\Users\user\AppData\Local\Temp\jna-3599307\jna7700236467988527426.dll

dbghelp: loaded successfully - version: 4.0.5 - missing functions: none
symbol engine: initialized successfully - sym options: 0x614 - pdb path: .;C:\Program Files\Eclipse Adoptium\jdk-17.0.19.10-hotspot\bin;C:\Windows\SYSTEM32;C:\Windows\WinSxS\amd64_microsoft.windows.common-controls_6595b64144ccf1df_6.0.17763.8880_none_de75f0f45346f6c4;C:\Program Files\Eclipse Adoptium\jdk-17.0.19.10-hotspot\bin\server;C:\Users\user\.gradle\native\1def1411415f61bf3af743bc5b6707747c0891f09f0c88961ee8f79bc544acac\windows-amd64;C:\Users\user\.gradle\native\0.2.8\x86_64-windows-gnu;C:\Users\user\AppData\Local\Temp\jna-3599307

VM Arguments:
jvm_args: --add-opens=java.base/java.lang=ALL-UNNAMED --add-opens=java.base/java.lang.invoke=ALL-UNNAMED --add-opens=java.base/java.util=ALL-UNNAMED --add-opens=java.prefs/java.util.prefs=ALL-UNNAMED --add-exports=jdk.compiler/com.sun.tools.javac.api=ALL-UNNAMED --add-exports=jdk.compiler/com.sun.tools.javac.util=ALL-UNNAMED --add-opens=java.base/java.util=ALL-UNNAMED --add-opens=java.prefs/java.util.prefs=ALL-UNNAMED --add-opens=java.base/java.nio.charset=ALL-UNNAMED --add-opens=java.base/java.net=ALL-UNNAMED --add-opens=java.base/java.util.concurrent=ALL-UNNAMED --add-opens=java.base/java.util.concurrent.atomic=ALL-UNNAMED --add-opens=java.xml/javax.xml.namespace=ALL-UNNAMED --add-opens=java.base/java.time=ALL-UNNAMED -XX:MaxMetaspaceSize=4G -XX:ReservedCodeCacheSize=512m -XX:+HeapDumpOnOutOfMemoryError -Xmx8G -Dfile.encoding=windows-1251 -Duser.country=RU -Duser.language=ru -Duser.variant -javaagent:C:\Users\user\.gradle\wrapper\dists\gradle-9.1.0-bin\9agqghryom9wkf8r80qlhnts3\gradle-9.1.0\lib\agents\gradle-instrumentation-agent-9.1.0.jar 
java_command: org.gradle.launcher.daemon.bootstrap.GradleDaemon 9.1.0
java_class_path (initial): C:\Users\user\.gradle\wrapper\dists\gradle-9.1.0-bin\9agqghryom9wkf8r80qlhnts3\gradle-9.1.0\lib\gradle-daemon-main-9.1.0.jar
Launcher Type: SUN_STANDARD

[Global flags]
     intx CICompilerCount                          = 3                                         {product} {ergonomic}
     uint ConcGCThreads                            = 1                                         {product} {ergonomic}
     uint G1ConcRefinementThreads                  = 4                                         {product} {ergonomic}
   size_t G1HeapRegionSize                         = 4194304                                   {product} {ergonomic}
    uintx GCDrainStackTargetSize                   = 64                                        {product} {ergonomic}
     bool HeapDumpOnOutOfMemoryError               = true                                   {manageable} {command line}
   size_t InitialHeapSize                          = 67108864                                  {product} {ergonomic}
   size_t MarkStackSize                            = 4194304                                   {product} {ergonomic}
   size_t MaxHeapSize                              = 8589934592                                {product} {command line}
   size_t MaxMetaspaceSize                         = 4294967296                                {product} {command line}
   size_t MaxNewSize                               = 5150605312                                {product} {ergonomic}
   size_t MinHeapDeltaBytes                        = 4194304                                   {product} {ergonomic}
   size_t MinHeapSize                              = 8388608                                   {product} {ergonomic}
    uintx NonNMethodCodeHeapSize                   = 5832780                                {pd product} {ergonomic}
    uintx NonProfiledCodeHeapSize                  = 265519066                              {pd product} {ergonomic}
    uintx ProfiledCodeHeapSize                     = 265519066                              {pd product} {ergonomic}
    uintx ReservedCodeCacheSize                    = 536870912                              {pd product} {command line}
     bool SegmentedCodeCache                       = true                                      {product} {ergonomic}
   size_t SoftMaxHeapSize                          = 8589934592                             {manageable} {ergonomic}
   double SweeperThreshold                         = 0.234375                                  {product} {ergonomic}
     bool UseCompressedClassPointers               = true                           {product lp64_product} {ergonomic}
     bool UseCompressedOops                        = true                           {product lp64_product} {ergonomic}
     bool UseG1GC                                  = true                                      {product} {ergonomic}
     bool UseLargePagesIndividualAllocation        = false                                  {pd product} {ergonomic}

Logging:
Log output configuration:
 #0: stdout all=warning uptime,level,tags
 #1: stderr all=off uptime,level,tags

Environment Variables:
JAVA_HOME=C:\Program Files\Eclipse Adoptium\jdk-17.0.19.10-hotspot
CLASSPATH=c:\Users\user\Desktop\videovault-app\android\\gradle\wrapper\gradle-wrapper.jar
PATH=C:\Program Files\Eclipse Adoptium\jdk-17.0.19.10-hotspot\bin;C:\Program Files\Eclipse Adoptium\jdk-21.0.11.10-hotspot\bin;C:\Program Files\Microsoft\jdk-17.0.10.7-hotspot\bin;C:\Program Files (x86)\Common Files\Oracle\Java\java8path;C:\Program Files (x86)\Common Files\Oracle\Java\javapath;C:\Users\user\Desktop\Scripts\;C:\Windows\system32;C:\Windows;C:\Windows\System32\Wbem;C:\Windows\System32\WindowsPowerShell\v1.0\;C:\Windows\System32\OpenSSH\;C:\Users\user\Desktop\python\Scripts;C:\Users\user\AppData\Local\Programs\Python\Python36\Scripts;C:\Users\user\AppData\Local\Programs\Python\Python36\;C:\Program Files\Git\cmd;C:\Program Files\nodejs\;C:\AndroidSDK\cmdline-tools\latest\bin;C:\AndroidSDK\platform-tools;C:\Users\user\AppData\Local\Programs\Python\Python313\Scripts\;C:\Users\user\AppData\Local\Programs\Python\Python313\;PATH%;C:\Users\user\Desktop\nodejs;C:\Users\user\AppData\Local\Programs\Microsoft VS Code\bin;C:\Users\user\AppData\Roaming\npm;C:\Android\cmdline-tools\latest\bin;C:\Android\platform-tools;C:\flutr\flutter\bin;
USERNAME=user
OS=Windows_NT
PROCESSOR_IDENTIFIER=Intel64 Family 6 Model 55 Stepping 8, GenuineIntel
TMP=C:\Users\user\AppData\Local\Temp
TEMP=C:\Users\user\AppData\Local\Temp



Periodic native trim disabled


---------------  S Y S T E M  ---------------

OS:
 Windows 10 , 64 bit Build 17763 (10.0.17763.8755)
OS uptime: 0 days 13:55 hours

CPU: total 4 (initial active 4) (4 cores per cpu, 1 threads per core) family 6 model 55 stepping 8 microcode 0x838, cx8, cmov, fxsr, mmx, 3dnowpref, sse, sse2, sse3, ssse3, sse4.1, sse4.2, popcnt, tsc, tscinvbit, erms, clmul, clflush
Processor Information for all 4 processors :
  Max Mhz: 2408, Current Mhz: 2408, Mhz Limit: 2408

Memory: 4k page, system-wide physical 3978M (328M free)
TotalPageFile size 16266M (AvailPageFile size 1855M)
current process WorkingSet (physical memory assigned to process): 1367M, peak: 1478M
current process commit charge ("private bytes"): 1797M, peak: 4301M

vm_info: OpenJDK 64-Bit Server VM (17.0.19+10) for windows-amd64 JRE (17.0.19+10), built on Apr 25 2026 08:04:44 by "admin" with MS VC++ 17.12 (VS2022)

END.
